"","Tweet","Time Stamp","Twitter Handle","Latitude","Longitude","Topic"
"1","@AliSue1958 Hillary updated the State Department‚Äôs policy so that transgender individuals‚Äô passports reflect their true gender. @Lee_in_Iowa","Mon Feb 08 06:20:51 +0000 2016","MrDane1982",40.655138,"-73.9487755","intersectionality"
"2","Yep older feminists should not be underestimated. If anything  we're more pissed off. https://t.co/Dh9Evmss7y","Mon Feb 08 15:54:46 +0000 2016","kateloving",41.1179365,"-77.604684","feminism"
"3","@JuveUnited disappointing &amp; disrespectful that Bill is reducing Bernie's campaign to sexism and dishonesty when it's 100% never been either","Mon Feb 08 16:52:31 +0000 2016","wpazzurri",41.8335845,"-87.732013","feminism"
"4","@marcorubio tells rape victims to suck it up and have the baby  @SenSanders voted to protect rapist right to not disclose their HIV status","Mon Feb 08 18:12:49 +0000 2016","MrDane1982",40.655138,"-73.9487755","violence_against_women"
"5","Microcephalic babyfrom #Zika born #abortion restricted states should be named #MarcoRubio #Marco # giftfromgod # Rubi for girls @marcorubio","Mon Feb 08 22:10:33 +0000 2016","meggybear1",44.00123,"-71.566171","reproductive_rights"
"6","@amantedelibros @goprapebuster @Donna_West @sherrilee7 @HillaryClinton The guys been in office since 1972. He's learned a trick or 2.","Tue Feb 09 05:33:44 +0000 2016","the_devik",45.3611835,"-122.837661","violence_against_women"
"7","@DemGalInBlueSea #DoubleStandards He's crass! It's a man's world but that's going to change in Nov. 016 when @Hillary is elected POTUS45!","Tue Feb 09 17:54:20 +0000 2016","ShirlsAdams",38.0033755,"-79.420865","feminism"
"8","@WomanVote @goldietaylor @SenSanders  he didn't cal on @potus to slow down deportations.He voted to support armed militia on southern border","Wed Feb 10 01:52:57 +0000 2016","Donna_West",36.184754,"-115.0611275","professional_gap"
"9","@BernieSanders @SenSanders The vetting process hasn't begun for you - you're being treated with kid gloves   Ur rape and racist comments ?","Wed Feb 10 12:08:45 +0000 2016","DannyBo4455",40.4772735,"-79.833837","violence_against_women"
"10","Not sure if I should be happy so many in NH #FeelTheBern or disappointed so many NH Repubs voted for racist sexist spectacle. #Election2016","Wed Feb 10 12:21:10 +0000 2016","librarydervish",41.1602505,"-81.3504345","feminism"
"11","@Mediaite @ecwpunk81 'Trump Retweeted White Supremacist Account (Again)' #DonaldTrump doesn't use #dogwhistles. He's proud of his #racism!","Thu Feb 11 02:42:08 +0000 2016","jboogiebrown2",42.9564115,"-85.6411415","intersectionality"
"12","@Resonate537 rhinos?! Really? He supports partial birth abortion  single payer health care  and supported Hillary  Pelosi  and Reid Really!?","Thu Feb 11 04:55:33 +0000 2016","kylemeyer44",35.222301,"-97.4451735","reproductive_rights"
"13",".@HillaryClinton August 12  1963: The Day Bernie Sanders was Arrested in Demonstration against Racism. https://t.co/KLoStjVlId #Bernie","Thu Feb 11 20:28:54 +0000 2016","AndrewCicchetti",-15.4551765,"-55.842543","intersectionality"
"14",".@taddevine August 12  1963: The Day Bernie Sanders was Arrested in Demonstration against Racism. https://t.co/KLoStjVlId #Bernie","Thu Feb 11 20:30:16 +0000 2016","AndrewCicchetti",-15.4551765,"-55.842543","intersectionality"
"15",".@es_snipes August 12  1963: The Day Bernie Sanders was Arrested in Demonstration against Racism. https://t.co/KLoStjVlId #Bernie","Thu Feb 11 20:37:04 +0000 2016","AndrewCicchetti",-15.4551765,"-55.842543","intersectionality"
"16",".@JustinBamberg August 12  1963: The Day Bernie Sanders was Arrested in Demonstration against Racism. https://t.co/KLoStjVlId #Bernie","Thu Feb 11 20:38:16 +0000 2016","AndrewCicchetti",-15.4551765,"-55.842543","intersectionality"
"17",".@ErikaAndiola August 12  1963: The Day Bernie Sanders was Arrested in Demonstration against Racism. https://t.co/KLoStjVlId #Bernie","Thu Feb 11 20:38:58 +0000 2016","AndrewCicchetti",-15.4551765,"-55.842543","intersectionality"
"18",".@gwenifill August 12  1963: The Day Bernie Sanders was Arrested in Demonstration against Racism. https://t.co/KLoStjVlId #Bernie","Thu Feb 11 20:40:36 +0000 2016","AndrewCicchetti",-15.4551765,"-55.842543","intersectionality"
"19","@TheBpDShow August 12  1963: The Day Bernie Sanders was Arrested in Demonstration against Racism. https://t.co/KLoStjVlId #Bernie","Thu Feb 11 20:49:01 +0000 2016","AndrewCicchetti",-15.4551765,"-55.842543","intersectionality"
"20","@KillerMike August 12  1963: The Day Bernie Sanders was Arrested in Demonstration against Racism. https://t.co/KLoStjVlId #Bernie","Thu Feb 11 20:49:33 +0000 2016","AndrewCicchetti",-15.4551765,"-55.842543","intersectionality"
"21","@elonjames August 12  1963: The Day Bernie Sanders was Arrested in Demonstration against Racism. https://t.co/KLoStjVlId #Bernie","Thu Feb 11 20:50:12 +0000 2016","AndrewCicchetti",-15.4551765,"-55.842543","intersectionality"
"22",".@TedCruz #CruzCrew LYING about #Trump In re abortion in his Emailer. Here is the TRUTH: https://t.co/kyPJtuBHmn https://t.co/ZXHRgJTtiu","Thu Feb 11 21:27:56 +0000 2016","YugeTrumpnado",41.8335845,"-87.732013","reproductive_rights"
"23","@TracyJeffords @PoliticalLaughs @tedcruz @oliverdarcy no but @billclinton pulled out. #BillClintonJokes #BillClintonRapeJokes!","Fri Feb 12 02:27:15 +0000 2016","Ryan_Stillwell",40.5214625,"-74.2712035","violence_against_women"
"24","@SenTedCruz Let me be clear.. #DonaldTrump supports #TraditionalMarriage and he is #ProLife. He did not #bulldoze an old ladies home down.","Fri Feb 12 06:09:31 +0000 2016","KazmierskiR",32.6782075,"-83.1738665","reproductive_rights"
"25","@realDonaldTrump @NaphiSoc I am always amazed at how dishonest mean spirited and misogynist they are.They're not a good ad for Christianity.","Fri Feb 12 12:44:40 +0000 2016","docdebags",43.642878,"-72.2499855","men"
"26","@JorElishere @tedcruz doesn't shut down abortion  only sets standards  therefore pro-choice is still a thing","Sat Feb 13 03:00:15 +0000 2016","YugeMilo",41.8335845,"-87.732013","reproductive_rights"
"27","Bernie Sanders talks 'Black America' in heated north Minneapolis forum Bernie spoke on racial inequality in Iowa.  https://t.co/O6DK1oo2LW","Sat Feb 13 18:16:38 +0000 2016","VickiGreen3",30.086918,"-94.1286335","intersectionality"
"28","@TrillAmericana2 But Bernie Sanders the man he's speaking for wrote rape essays and voted to proctect rapist/child rapist @missbrob","Sat Feb 13 18:17:58 +0000 2016","MrDane1982",40.655138,"-73.9487755","violence_against_women"
"29","@ShaunKing wants to talk about someone being a pervert when he stands with Bernie Sanders who wrote rape essays and voted to protect rapist","Sat Feb 13 18:23:43 +0000 2016","MrDane1982",40.655138,"-73.9487755","violence_against_women"
"30","@ProLifePolitics @ImpressionsofTX @marcorubio @tedcruz @nrlc  You don't see Rubio lying about Cruz on the issue.  #Integrity #Rubio2016","Sat Feb 13 21:26:35 +0000 2016","reluctantzealot",32.6782075,"-83.1738665","reproductive_rights"
"31","@JohnKasich lost me (#GOPDebate): plans to defund Planned Parenthood (#StandwithPP): lies: PP was discredited whereas the video makers were.","Sun Feb 14 04:13:41 +0000 2016","Halkn8",38.805335,"-121.2506635","reproductive_rights"
"32","Ted Cruz just said that the Dems would make 'partial birth abortion mandatory'  What?","Sun Feb 14 04:17:03 +0000 2016","donkosin",38.981337,"-77.1185025","reproductive_rights"
"33","@Johnatsrs1949 @PlaysTrumpCard @realDonaldTrump @tedcruz lies again very deceitful Trump clearly said supports PPH except for abortion","Sun Feb 14 10:16:24 +0000 2016","wildpaz1_",27.698682,"-83.804475","reproductive_rights"
"34","Ted Cruz is a nut job!!  Having Obama appoint the justice will not ‚Äúcompletely rewrite the second amendment‚Äù or create ‚Äúabortions on demand‚Äù","Sun Feb 14 16:19:28 +0000 2016","jaymarcell",43.348676,"-90.0529355","reproductive_rights"
"35","@chucktodd why did you give @tedcruz all that time to spew lies? Abortion on demand? Neither side is proposing this. Crazy media.","Sun Feb 14 18:22:41 +0000 2016","BigThinkr",47.614817,"-122.3306025","reproductive_rights"
"36","@tedcruz #CruzCrew #GOP2016 Defending PPH is defending racism. PPH is supported by liboDems and vice versa. https://t.co/Vihx0NjX37","Sun Feb 14 20:57:26 +0000 2016","PreachinJames",45.4627425,"-123.8365685","intersectionality"
"37","@tedcruz #PlannedParenthood since Trump favors PPH he then favors black genicide like democrats do.","Sun Feb 14 21:00:52 +0000 2016","PreachinJames",45.4627425,"-123.8365685","reproductive_rights"
"38","You're never a little bit pregnant &amp; @realDonaldTrump can't sort of support #PlannedParenthood. See @tedcruz ad: https://t.co/VZcLStJS1h","Sun Feb 14 23:11:39 +0000 2016","alicetweet",35.9824705,"-83.9638415","reproductive_rights"
"39","Jindal said he 'expected more from Ted Cruz' than his 'lie' that Rubio hadn't done enough to attempt to #defundPP.  https://t.co/yx5oea6qwr","Mon Feb 15 15:03:46 +0000 2016","rightwinglatina",35.209059,"-80.8467855","reproductive_rights"
"40","WTF should I do now üòÇüòÇüòÇ support what he said for Donald Trump or criticize his comments on abortion related to Zika virus üòÇüòÇüòÇüòÇ","Thu Feb 18 17:52:33 +0000 2016","IlaxBJoseph",40.7055975,"-73.977717","reproductive_rights"
"41","I don't think Cruz does anything wonderful. #PlannedParenthood is wonderful. https://t.co/Ssc3RRWoBp","Thu Feb 18 21:57:20 +0000 2016","s2802_ch",44.87629,"-93.278974","reproductive_rights"
"42","YES!!! This Hillary supporter laid Bernie out! About thinking racial issues are only connected to economic ones. #DemTownHall   #ImWithHer","Fri Feb 19 02:20:08 +0000 2016","AutumnNAlston",35.4019815,"-80.6311315","intersectionality"
"43","@realDonaldTrump is bad for #lgbt #equality #diversity this is wrong for #USA. A Nation United in rights=#USA  https://t.co/Ke1yzQ6VTH","Fri Feb 19 02:24:55 +0000 2016","brownaaron1987",45.00118,"-86.2705395","intersectionality"
"44","@LibertyNews1776 @DrottM @tedcruz @CR Date?or RAPE? As long as he keeps a list for her of who2 terrorize later she's good with the latter...","Fri Feb 19 06:47:41 +0000 2016","realetybytes",26.150368,"-80.1491725","violence_against_women"
"45","@Cowgirlpal @MSNBC @JohnKasich  I used to be a screaming Dem  too. I escorted women into an abortion clinic every Sat.  protested for Peta.","Fri Feb 19 11:58:03 +0000 2016","AOS_author",33.0076425,"-80.150055","reproductive_rights"
"46","@AC360 @tedcruz @andersoncooper Trump said he hated abortion but was very pro choice. &amp; he was okay with Partial Birth abortion being legal","Fri Feb 19 14:48:31 +0000 2016","Linkus717",42.1795335,"-72.4576525","reproductive_rights"
"47","@WayneEdH @Fairshare2012 Bernie's gang-rape fantasies are his fantasies  not women's. Bernie wanted to be gang-raped","Fri Feb 19 16:07:24 +0000 2016","Plantflowes",40.3651595,"-82.6694675","violence_against_women"
"48","@mrsnowatzke @HillaryClinton It's complicated. Some is straight-up sexism. But a lot is more complex. Mass vs elite resentments worldwide","Fri Feb 19 20:22:56 +0000 2016","PaulHRosenberg",34.0207895,"-118.4119065","feminism"
"49","Okay so you can buy a shirt that says Ted Cruz was the zodiac killer while also funding abortions. What a beautiful day.","Fri Feb 19 20:31:14 +0000 2016","god_is_bread",38.3045585,"-92.4367735","reproductive_rights"
"50","@CBSNews #Cuban-Canadian  immigrant #tedcruz possible #racist? #confederateflag #racism in #gop","Sat Feb 20 15:12:37 +0000 2016","OgunquitGuide",26.150368,"-80.1491725","intersectionality"
"51","@LoriPatriot research available to all @tedcruz leaning open-minded voters https://t.co/BBZdgUbBL4","Sat Feb 20 20:52:07 +0000 2016","TheCarCzarsPage",44.1454365,"-120.5834015","professional_gap"
"52","Disgusted Americans  my people  would elect a racist sexist like @realDonaldTrump who would make my daughter register as Muslim #Republican","Sun Feb 21 02:24:20 +0000 2016","stareenite",39.685852,"-105.1233195","feminism"
"53","@CNN @CNNSotu @tedcruz Both TRUMP's NYC  CRUZ Houston top T+L 'America's Cities' they refuse to support cleaning up!","Sun Feb 21 18:49:28 +0000 2016","litterscorecard",42.308346,"0.3142995","professional_gap"
"54",".@bpshow I voted for Perot  not Bill. White men have not bonded with the white roots of @POTUS so RACISM is rampant. He paved way 4 BERNIE.","Mon Feb 22 11:40:51 +0000 2016","jeffries_anne",34.0207895,"-118.4119065","intersectionality"
"55","One fun thing about @realDonaldTrump's rise &amp; @tedcruz's nastiness  eventually 100% Ted will use Don's ex-wife's rape accusations.","Mon Feb 22 16:37:36 +0000 2016","paleomexicano",33.8091715,"-118.1567105","violence_against_women"
"56","Check out the video of the five black kids that were accused of rape! @realDonaldTrump promoted death for them! Evil https://t.co/ng4XNMKeAV","Mon Feb 22 16:53:41 +0000 2016","Debi129",47.273022,"-120.882482","violence_against_women"
"57","@jasonrapert @tedcruz to stand alone is selfish and against God.","Mon Feb 22 20:04:29 +0000 2016","shottspates",34.788087,"-92.25715","violence_against_women"
"58","@Aaron_RS @realDonaldTrump I am a rape survivor I was brutally  raped and suffocated left for dead. I think I know when someone is genuine","Tue Feb 23 00:09:03 +0000 2016","eamhardin",31.1688935,"-100.0768885","violence_against_women"
"59","@Infidelzfun @tedcruz yes he has done nothing to limit abortions and never will..he is all talk no action","Tue Feb 23 01:01:08 +0000 2016","realanchorbaby",29.838495,"-95.4464865","reproductive_rights"
"60","Cruz on @oreillyfactor said @realDonaldTrump supported partial birth abortion for 60 yrs BS that would mean Trump was 9 yrs old #Trump2016","Tue Feb 23 01:30:41 +0000 2016","MikeandDawnNY",40.655138,"-73.9487755","reproductive_rights"
"61","@realDonaldTrump If Cruz hits you on pro choice tell him Reagan signed  pro abortion bill when he was 56. Over next ‚Äúseveral‚Äù yrs he changed","Tue Feb 23 01:51:28 +0000 2016","greetandtweet",47.859805,"-122.291023","reproductive_rights"
"62","@jm3679 that would mean at the age of 9 @realDonaldTrump supported partial birth abortion?  Seriously what BS CRUZ spews #Trump2016","Tue Feb 23 15:33:24 +0000 2016","MikeandDawnNY",40.655138,"-73.9487755","reproductive_rights"
"63","@CarrollDems @realDonaldTrump @SenTedCruz of diversity?","Tue Feb 23 17:03:40 +0000 2016","Cruzinto2016",44.00123,"-71.566171","intersectionality"
"64","@DragonCounts @MaggieRuedas I want to be the transgender Ted Cruz","Wed Feb 24 16:12:54 +0000 2016","TheGoddess_AZ",32.1893905,"-110.9155735","intersectionality"
"65","@FoxNews @tedcruz @PPFA I have never seen such a phony liar and all my life","Thu Feb 25 02:32:29 +0000 2016","MikeMusky427",41.159207,"-80.6947785","reproductive_rights"
"66","Ted Cruz talks women in combat  abortion and Hispanic voters | https://t.co/os2rFskxKH","Thu Feb 25 04:15:33 +0000 2016","limabulldog94",30.3233455,"-97.754724","reproductive_rights"
"67","It was @SenSanders @BernieSanders that VOTED 4 noCRIME BILL  Voted against the bill for woman who were RAPED! No Dem https://t.co/6tQui2oYBK","Thu Feb 25 15:02:27 +0000 2016","Debi129",47.273022,"-120.882482","violence_against_women"
"68","Imagine a 9yr old saying they support partial birth abortion well according to Cruz @realDonaldTrump supported Partial birth abortion 60+YRS","Thu Feb 25 19:26:36 +0000 2016","MikeandDawnNY",40.655138,"-73.9487755","reproductive_rights"
"69","@marcorubio and @tedcruz should both be commended for strong #prolife stance. No part of @PPact is 'wonderful'.   #defundpp #ChooseLife","Thu Feb 25 21:41:58 +0000 2016","MattDay87",33.4760095,"-86.9275365","reproductive_rights"
"70","@SenSanders voted against woman allowed to KNOW WHO RAPED THEM! @taddevine Mr MONSANTO  https://t.co/YaIskv41jo","Fri Feb 26 00:46:03 +0000 2016","Debi129",47.273022,"-120.882482","violence_against_women"
"71","Ted Cruz 'Fuck #PlannedParenthood and every woman who gets cancer screening through it!' #TYTlive #GOPDebate","Fri Feb 26 02:48:45 +0000 2016","LanceVandergras",39.789929,"-84.2919815","reproductive_rights"
"72",".@tedcruz -@realDonaldTrump thinks #PlannedParenthood is wonderful #GOPDebate https://t.co/7QjC5Qfmqc","Fri Feb 26 02:53:36 +0000 2016","powers_dawn",41.9382285,"-93.389864","reproductive_rights"
"73","Listen to the song Unborn Baby https://t.co/05yBx8qQSA #prolife #chooselife #livesmatter #TedCruz https://t.co/xceyl3aUej","Fri Feb 26 14:45:13 +0000 2016","jonngainesville",27.698682,"-83.804475","reproductive_rights"
"74","Only @JohnKasich @marcorubio @tedcruz seem sincere pro-life. Until @GOP adopts anti-abortion plank pro-lifers should coalesce @demsforlife.","Fri Feb 26 19:47:26 +0000 2016","soholan",35.1704985,"-79.861034","reproductive_rights"
"75","@JohannesDreijer @LuminatedSlave You refer to former @Hillary frmerSec.of State&amp;Pres.cand w/SSdetail. Hashtag is sexist/violent Delete‚ùóÔ∏è","Sat Feb 27 01:26:01 +0000 2016","ShirlsAdams",38.0033755,"-79.420865","feminism"
"76","@Davephelps15 @NoRapeeFugees @glennbeck @marklevinshow @DLoesch @tedcruz  wow  so this is what it's come to  this all you have?","Sat Feb 27 02:42:13 +0000 2016","YugeMilo",47.614817,"-122.3306025","violence_against_women"
"77","@lgib15 #HillaryLie yes stupid ass only voted yea because VAWA was in it. Make up your mind. Is #Bernie a racist or a sexist?","Sat Feb 27 23:32:17 +0000 2016","Indomitable69",40.734494,"-74.184848","feminism"
"78","@tedcruz @PatrickSvitek @GovAbbott @GovernorPerry Leaning toward Trump but wanted to say you are SO lucky to have endorsement of Gov Abbott!","Sun Feb 28 01:28:45 +0000 2016","giavonnigibson1",33.6311395,"-80.926628","professional_gap"
"79","The position of @tedcruz  on abortion will result in the deaths of many women. https://t.co/YMNmaVakGx","Sun Feb 28 01:38:28 +0000 2016","biloxichoctaw",30.086918,"-94.1286335","reproductive_rights"
"80","MSNBC's misogyny- At 10%vote inNH He only 1% more said Sanders wins NH. Hillary has 74% in SC with 75% of vote in 'Clinton projected winner'","Sun Feb 28 02:03:16 +0000 2016","ciardha",38.195555,"-85.7223455","men"
"81",".@realDonaldTrump leaning toward Trump  .@SenTedCruz  .@SenMarco #JanBrewer #SheriffArpaio #JerryFalwellJr have endorsed Trump.","Sun Feb 28 05:37:36 +0000 2016","rcsyoungusanet",38.997936,"-105.5508905","professional_gap"
"82","#VotesforWomen #Suffragettes were beaten  arrested  tortured so we could vote. Vote for .@HillaryClinton #I'mWithHer https://t.co/CTiK9ZCgaS","Sun Feb 28 09:40:47 +0000 2016","okerlund61",36.7632155,"-76.2958955","feminism"
"83","Agreed and it'll be some #sexism POS like 'Buyers Remorse' #BernieSanders advocated.  #ImWithHer #HillaryClinton    https://t.co/yDwhMBjyka","Sun Feb 28 15:32:33 +0000 2016","KoriWasinger",26.721896,"-80.1226195","feminism"
"84","https://t.co/RJahWN1agM #ivanatrump #violated by #DonDiablo #ViolenceAgainstWomen #futureswithoutviolence #horrificSexualAssult #Wtf","Sun Feb 28 22:11:03 +0000 2016","MsRuthedelaRosa",33.226316,"-117.320879","violence_against_women"
"85","@realDonaldTrump maybe you should research what racism means   apparently even @tedcruz knows the KKK is morally wrong. #Election2016 #Cmon","Mon Feb 29 05:31:37 +0000 2016","Space_wookie",38.9201425,"-80.1818345","intersectionality"
"86","Was leaning @marcorubio but due 2 uncivil comments  no longer on my list. Will b @realDonaldTrump or @SenTedCruz  https://t.co/8Np1Ly2pJu","Mon Feb 29 17:38:59 +0000 2016","MtwnPatriot",40.0730405,"-74.7243235","professional_gap"
"87","MT @TeriGRight: We're #OneJusticeAway from a pro abortion court. Vote #ProLife  Vote #TedCruz https://t.co/qkPTK3vapc #CruzCrew #PJNET none","Mon Feb 29 21:48:28 +0000 2016","bobsantero",41.659265,"-73.8765695","reproductive_rights"
"88","@CowboysMarilyn I'm leaning toward @RealBenCarson myself. Don't care for Cruz or Rubio myself either. Meh. Can't vote for Trump. He's lying","Tue Mar 01 22:13:12 +0000 2016","dopeyish",32.1893905,"-110.9155735","professional_gap"
"89","Telling me to 'grow a pair' because I'm liberal or voted for Hillary is a quick way to get blocked &amp; prove you're sexist bag of shit.","Wed Mar 02 00:33:17 +0000 2016","CoreyAStewart",37.6569095,"-77.6185945","feminism"
"90","@perryjanssen and look at his stance on abortion.. Then be smart and vote for TRUE CONSERVATIVES like Ted Cruz and Marco Rubio","Wed Mar 02 03:09:58 +0000 2016","perryjanssen",37.074757,"-88.643038","reproductive_rights"
"91","@gloriaborgercnn @PPact and so ... @SenTedCruz  just got my VOTE /  Dear Ted @tedcruz  PLS check PlannedParentHooD'$ surplus of  ABORtedS???","Wed Mar 02 03:29:21 +0000 2016","DarkerstarO",37.7706565,"-122.4359785","reproductive_rights"
"92","@BobLonsberry @tedcruz And leaning to the left at that!!","Wed Mar 02 03:29:36 +0000 2016","winger58",43.000058,"-77.4275355","professional_gap"
"93","@tedcruz Trump only supports planned parenthood for the women's health issues and he said not for abortions Get it right .","Wed Mar 02 06:43:36 +0000 2016","Lisastorch3",26.0781705,"-80.285189","reproductive_rights"
"94","@goprapebuster @StephieGilley @HillaryClinton @350action But she will Promise Anything to be Elected","Wed Mar 02 11:00:04 +0000 2016","MyBlackMatters2",32.6782075,"-83.1738665","violence_against_women"
"95","@WillysBaldSpot @KazmierskiR @DanScavino @tedcruz calls  #TRUMP a #Racist when #cruz iscalling the #potus A (nigger) #doublestandards/racist","Wed Mar 02 11:00:24 +0000 2016","MrHinNH",43.3091075,"-70.960344","feminism"
"96","y'all better understand the south is home to racism.. this where shit started  https://t.co/PflguYFVUa","Wed Mar 02 14:11:54 +0000 2016","fvckmira",32.6782075,"-83.1738665","intersectionality"
"97","@Bonfiredesigns @YouTube hey Ted would you let your kids listen to that ? Trumps comments weren't nearly as racial as that ! TINMAN CRUZ","Wed Mar 02 17:17:22 +0000 2016","SrFezza",43.333512,"-73.6609045","intersectionality"
"98","@Erosunique That's small potatoes compared to racism!  As a man of color  you should be ashamed! @Jacki8182 @rkf1215 @tedcruz @RogerJStoneJr","Thu Mar 03 18:16:47 +0000 2016","tomesimpson",42.308346,"0.3142995","intersectionality"
"99","Same guy who wanted to get rid of condoms and birth control lmfao https://t.co/jYb5WO1ePr","Thu Mar 03 19:52:03 +0000 2016","CavsBrownsFan",42.746617,"-75.770041","reproductive_rights"
"100","@RLeePip @tedcruz THANK YOU. if People LISTEN and INVESTIGATE  we will all be happier. not this  everything. PP Abortions suppression of Inv","Thu Mar 03 22:05:38 +0000 2016","LittelCaesar",53.3549025,"-6.2476215","reproductive_rights"
"101","@linnyitssn You accused Ted Cruz of wanting to kill transgenders  give me a citation for this instead of slandering.","Fri Mar 04 00:12:11 +0000 2016","CatlinNya",52.1630765,"5.2626035","intersectionality"
"102","The biggest issue in 2016 is the U.S. Supreme Court. That will determine our future for all time  not just 8 years. #tcot #prolife #tedcruz","Fri Mar 04 02:30:11 +0000 2016","mba4life",40.8207125,"-74.5582155","reproductive_rights"
"103","@daddy18880 Another yuge endorsement for Ted. Cruz has wrestled the diversity title away from Marco. https://t.co/DNx1sUmypt","Fri Mar 04 02:47:47 +0000 2016","TruckingDefense",30.4591,"-91.0907995","intersectionality"
"104","@Caitlyn_Jenner your support of anti-trans @tedcruz is a slap in the face for the #Transgender community. #TransForHillary #translivesmatter","Fri Mar 04 04:58:24 +0000 2016","jassyberries",41.1352835,"-104.787092","intersectionality"
"105","@tmaxpower @Cam_Johns97 @realDonaldTrump yep  it's been about 8 minutes now  and he's stated 1 thing about abortion","Fri Mar 04 06:14:52 +0000 2016","WDFx2EU",41.8335845,"-87.732013","reproductive_rights"
"106","Why didn't Fox News ask about Ted Cruz  And Marco Rubio about the Dildo testing business for the Transgender community not asked once.","Fri Mar 04 14:05:27 +0000 2016","bryankwynn2",39.7141,"-86.082701","intersectionality"
"107","LRT is v spot on. Racism isn't necessarily stupid  but it is evil. Ted Cruz (for example) isn't dumb  he's monstrous.","Fri Mar 04 15:36:55 +0000 2016","oilcantim",41.8335845,"-87.732013","intersectionality"
"108","@PhilthePill Jeb Bush's campaign wanted Trump to do well because he'd be easy for him to beat.","Fri Mar 04 16:43:44 +0000 2016","VK_HM",53.3549025,"-6.2476215","reproductive_rights"
"109","ted cruz looks like hes into rape","Sat Mar 05 01:00:14 +0000 2016","ryleejayy_",37.4853155,"-97.23298","violence_against_women"
"110","If only they turned this sexist Q on its head and asked about cookies made by Trump  Rubio  Cruz and Sanders.  https://t.co/Gbf4LMsaXP","Sat Mar 05 02:48:05 +0000 2016","jenfosterlerner",38.9860885,"-94.6345835","feminism"
"111","@elisabethmroche @EmilyTwheat just voted for .@HillaryClinton  #GeauxVote now to be part of a movement for Herstory https://t.co/rCtMoM3lvE","Sat Mar 05 17:42:16 +0000 2016","SarahGibson26",30.4591,"-91.0907995","professional_gap"
"112","Ignoring racism might work if there were like  2 racists left. Now it's deep-rooted &amp; systemic &amp; must be challenged https://t.co/QZRPzmLesA","Sat Mar 05 20:13:47 +0000 2016","bluedillygal",30.4762155,"-84.266174","intersectionality"
"113","Ted Cruz is cleaning house in Kansas.","Sat Mar 05 20:59:57 +0000 2016","DentonClark17",38.498196,"-98.319925","professional_gap"
"114","Obama started the race wars during his 1st term now they've escalated hillary will continue to racial divide America https://t.co/wRx8ok4mlN","Sat Mar 05 22:16:22 +0000 2016","beyer_linda",26.63648,"-81.986834","intersectionality"
"115","Will Caitlyn Jenner be #TedCruz2016 transgender spokesperson? https://t.co/G5sTo1gSJ4","Sat Mar 05 22:37:16 +0000 2016","Uniqueforu1",31.1688935,"-100.0768885","intersectionality"
"116","@YorksSocialist @HunterHRC2016 fuck you. Bernie bought  paid for by NRA  voted against AMBER Alerts  I s NRA'S bitch  wrote rape essay @ 31","Sun Mar 06 01:18:49 +0000 2016","arln1966",26.150368,"-80.1491725","violence_against_women"
"117","Wow! That's almost enlightened enough for me to vote for @tedcruz. Nahhh... #lgbtqlove #transgender #LoveTrumpsHate  https://t.co/UWpKQUuUTz","Sun Mar 06 06:29:05 +0000 2016","TheTadDaley",27.698682,"-83.804475","intersectionality"
"118","#NancyReagan aka #dragonlady for working with her husband when #POTUS What will media call #Bill if #Hillary's elected? #DoubleStandard!","Sun Mar 06 17:32:44 +0000 2016","WorthHaving1",41.1179365,"-77.604684","feminism"
"119","#blackoutday Peyton Manning #Fake1990sFacts #SundayFunday #BlackWomenVote Racists for Trump how appropriate!  #CruzCrew","Sun Mar 06 20:34:56 +0000 2016","WBVT_98FM",40.780709,"-73.9685415","professional_gap"
"120","@ConserveCast @tedcruz There IS no PP w/out abortion. One of Trump's silliest ideas. Pay for power  equipment  etc.  u pay for abortions.","Mon Mar 07 00:49:34 +0000 2016","terib3294",32.6782075,"-83.1738665","reproductive_rights"
"121","Bernie needs to read Sugrue. Detroit's story way more complicated than corporate greed and jobs to Mexico. No mention of racism?","Mon Mar 07 01:40:29 +0000 2016","atkinsda",42.9564115,"-85.6411415","intersectionality"
"122","Apparently it's sexist for Bernie Sanders to oppose being interrupted by Hillary when it's HIS turn to speak. HOW IS THAT SEXIST","Mon Mar 07 04:59:16 +0000 2016","TZukofski",40.5517695,"-74.466483","feminism"
"123","Bernie had the crowd with his giveaway programs  but then he interrupted Hillary once so  you know  Sexist!. @redsteeze @EsotericCD","Mon Mar 07 05:43:04 +0000 2016","MartiniShark",26.270261,"-80.2497725","feminism"
"124","It's not sexist it's just not nice??? But so wasn't Hillary when she interrupted him??  https://t.co/5A5ojpcO4O","Mon Mar 07 14:43:01 +0000 2016","jessicatdlm",54.068005,"-2.7751315","feminism"
"125","Ghetto living  being poor  &amp; racism is not restricted to Blacks. @BernieSanders needs to update his rhetoric.#BlackLivesMatter #Hillary2016","Mon Mar 07 16:46:07 +0000 2016","DalineMagee",37.980826,"-121.3004255","intersectionality"
"126","Let's remember Caitlin is a Republican and a transgendered person supporting Ted Cruz who thinks #lgbt is a sin. https://t.co/YpHUkI0wpP","Mon Mar 07 20:49:46 +0000 2016","Latinatude",38.579524,"-121.2804225","intersectionality"
"127","Thank you @justinamash for not just vocally endorsing @tedcruz. I have many libertarian leanings. You are actively unifying our party.","Tue Mar 08 02:32:01 +0000 2016","Cafazza",39.620282,"-104.9238215","professional_gap"
"128","@G_Hannelius coming from someone who tweeted she was with Hillary...when Hillary is a liar and a fake feminist","Tue Mar 08 07:08:07 +0000 2016","bestbandstagram",41.1179365,"-77.604684","feminism"
"129","And why is it only Hillary that is seen as beyond rehabilitation but not Bernie who voted for the bill?    Can't be sexismüòë @paleblueeyes24","Tue Mar 08 09:55:14 +0000 2016","boldandworthy",41.8335845,"-87.732013","feminism"
"130","It's ok for @HillaryClinton to interrupted @BernieSanders  viceversa is sexist #hypocrisy #DemDebate","Tue Mar 08 11:18:30 +0000 2016","ShaharBar85",31.342253,"34.9684285","feminism"
"131","Feminists are against Bernie Sanders because A) he asked Hilary to let him finish after she had interrupted his answer time.","Tue Mar 08 16:23:45 +0000 2016","MrGreatwunn",43.4181905,"-79.645081","feminism"
"132","@BarackObama didn't let @HillaryClinton interrupted him during a debate  that a 'sexist' https://t.co/cbZmyBFvd8","Tue Mar 08 16:40:47 +0000 2016","ShaharBar85",31.342253,"34.9684285","feminism"
"133","Meet Donald Trump's sister  the tough  respected federal judge Ted Cruz called a 'radical pro-abortion extremist'  https://t.co/Vdm964ar7j","Tue Mar 08 23:11:30 +0000 2016","BlaineBershad",42.036939,"-71.683502","reproductive_rights"
"134","@HillaryClinton abortion answer was cognitively dissonant. Had she repudiated @PPFA would now own votes of many Millennials and their moms.","Tue Mar 08 23:15:11 +0000 2016","soholan",35.1704985,"-79.861034","reproductive_rights"
"135","@NoraReed 'As a lesbian...  bird in chocolate fountain with a gun Ted Cruz is the Zodiac Killer' This is the ultimate description of me","Tue Mar 08 23:54:20 +0000 2016","skeletonbirdlin",49.491552,"-123.762067","intersectionality"
"136","@FoxNewsLive @realDonaldTrump Bret Christians do care about abortion and gay marriage. How dare you insult Trump support as Uneducated...","Wed Mar 09 01:50:09 +0000 2016","Deborahparks20",35.0919545,"-85.242564","reproductive_rights"
"137","Samantha Bee thought Bernie was sexist? Will Full Frontal turn out like The Nightly Show? #Disappointed","Wed Mar 09 03:47:48 +0000 2016","JordanLyseng",39.713563,"-104.9220935","feminism"
"138","@BretBaier Hillary said to you 'It's not much of a right if it's constrained and limited.' regarding abortion. What about the 2nd Amdmt?","Wed Mar 09 13:53:13 +0000 2016","Papa_Behr",29.838495,"-95.4464865","reproductive_rights"
"139","In 1989  @tedcruz said men shouldn't let their wives work. But #whatever 'feminist' @CarlyFiorina. https://t.co/Ej66hQVw03","Wed Mar 09 16:35:12 +0000 2016","memeographs",40.655138,"-73.9487755","feminism"
"140","#CarlyFiorina throws her people behind @TedCruz! Her mom  cleaning lady and dog-walker just didn't seem to know anything about it. Oh  well.","Wed Mar 09 18:26:03 +0000 2016","mediaguy1",40.780709,"-73.9685415","professional_gap"
"141",".@tuleshed @LilaGraceRose Without a doubt  the most #ProLife candidate is #TedCruz.  #ccot https://t.co/XhZRkX0MGQ https://t.co/oOimEipFcu","Wed Mar 09 19:35:43 +0000 2016","ArmyTurtleDove",35.1704985,"-79.861034","reproductive_rights"
"142","@megynkelly @tedcruz @PPFA Ted did you really win Iowa? Tell the truth","Thu Mar 10 02:22:39 +0000 2016","nopuede14",29.838495,"-95.4464865","reproductive_rights"
"143","Who the fuck in the northeast is going to vote for Ted Cruz who wants to make abortion illegal and revoke the legalization of gay marriage??","Thu Mar 10 15:18:30 +0000 2016","danianniee",40.3021975,"-74.188544","reproductive_rights"
"144","@angelsavant yes ma'am. He was arrested in 1963 for protesting racial segregation in chicago. Hillary was supporting racial segregation","Fri Mar 11 01:54:54 +0000 2016","CaptainNeil96",34.0207895,"-118.4119065","intersectionality"
"145","Donald trump should be charged with hate crimes and racially motivated riots @YourAnonNews  https://t.co/ttowu8WiFa","Fri Mar 11 17:02:30 +0000 2016","gotuagain29",39.7795625,"-86.1429225","intersectionality"
"146","@RealBenCarson so disappointed! Your intelligence should have led you beyond a racist and sexist candidate! #wecandobetter #Drumpf","Fri Mar 11 17:52:39 +0000 2016","hicksheidi1",28.329306,"-80.622676","feminism"
"147","@ChicagoCabbie @JeffErick1234 @roy_wisdom @CBSNews @realDonaldTrump The United Staes is diverse  thankfully. Chicago is not that special","Sat Mar 12 02:37:40 +0000 2016","dsnow89",28.6001855,"-81.3417295","intersectionality"
"148","@realDonaldTrump 'ENERGIZED AMERICA' your campaign has created racial divide your rhetoric is responsible for America taking 100 steps back","Sat Mar 12 13:34:42 +0000 2016","HOODESSENCE",43.0058815,"-75.0451225","intersectionality"
"149","Listening to Ted Cruz Marco Rubio John Kasich they would have you believe it's OK to rape women for what they're wearing","Sat Mar 12 14:12:55 +0000 2016","Linda64192554",41.176533,"-81.441568","violence_against_women"
"150","Will there be a racial civil war in The United States of America if Donald Trump become President???","Sat Mar 12 15:39:55 +0000 2016","MadisonWendee",40.6708795,"-73.8311875","intersectionality"
"151","@ABswl15 @SouthernRock3 @cdelbrocco @BernieSanders @ABswl15 U started w. unsubstantiated allegation &amp; finish w. misogyny claim-seems staged.","Sat Mar 12 22:21:53 +0000 2016","conrad1058",45.536402,"-122.630908","men"
"152","@apocalypsurfer @davidaxelrod @SenSanders @RahmEmanuel I do agree. I think some of it is rooted in a misogynistic mistrust of strong women.","Sun Mar 13 00:30:36 +0000 2016","ABswl15",34.0207895,"-118.4119065","men"
"153","@jensen4law @CNN @seanhannity this racism propaganda bs to get elected has got to stop #ImWithHer @HillaryClinton should be ashamed #Trump","Sun Mar 13 02:13:23 +0000 2016","jensen4law",37.758225,"-121.9415795","intersectionality"
"154","#FloridaPrimary voters  Remember #FidelCastro praising @BernieSanders contributed to environmental racism in #Texas https://t.co/j3ucc0SbOm","Sun Mar 13 21:11:36 +0000 2016","RealDeeDeeBlase",34.1682535,"-111.931711","intersectionality"
"155","@HillaryClinton You never take responsibility. Bill's rapes. Ambassadors murdered. $6B missing. Deleted emails. Foundation contributions.","Mon Mar 14 01:16:45 +0000 2016","LordAlmighty12",35.538063,"-98.675733","violence_against_women"
"156","@realDonaldTrump see your racism bullsh*t for yourself. #diversity #blacklivesmatter #trump #allunited https://t.co/d88glrbDgr","Mon Mar 14 09:49:02 +0000 2016","ClemRNSwimmer",55.9431955,"-3.2030085","intersectionality"
"157","@realDonaldTrump Donald Trump bankrupted 4 businesses and encourages racism and violence - bad for America","Mon Mar 14 17:46:14 +0000 2016","ajmighton",41.3870895,"-83.645809","intersectionality"
"158","@koryleavitt @BernieSanders From what you tweeted your race collectively is keeping everyone not white poor through your racism etc.","Mon Mar 14 17:56:02 +0000 2016","Indomitable69",40.734494,"-74.184848","intersectionality"
"159","@washingtonpost @JanellRoss @realDonaldTrump Assaulted woman from within misogynistic Trump campaign upper echelon? Someone should be fired!","Mon Mar 14 23:29:49 +0000 2016","JamesStoller",40.4590815,"-86.9299805","men"
"160",".@POTUS/@GeorgeSoros/@TedCruz paying #BlackLivesMatter to rape female #Trump spprtrs https://t.co/KyUCGGAqyz  ad","Tue Mar 15 00:02:33 +0000 2016","ToTheXToTheY",40.6787035,"-111.997441","violence_against_women"
"161","@realDonaldTrump @TODAYshow @SavannahGuthrie @HillaryClinton you know since Democrats started the KKK and Jim Crowe and Racism? #TrueHistory","Tue Mar 15 11:55:34 +0000 2016","r1965rainey",34.9389675,"-82.3314755","intersectionality"
"162","@seanhannity @pjysais55 @dariana_ortiz  With GOP diversity ELIMINATED  Hillary runs as A DEMOCRAT FIRST! She may even pick a Latino VP!","Wed Mar 16 04:41:52 +0000 2016","Newarkguy1973",40.734494,"-74.184848","intersectionality"
"163","There's a special place in hell for those women who voted for Hillary because 'she's a woman and feminism' üôÑ #ILPrimary","Wed Mar 16 04:48:54 +0000 2016","mgv25",41.8335845,"-87.732013","feminism"
"164","In the @tedcruz campaign  male employees make an average of $20 000 more than female employees #equalpay #ImWithHer https://t.co/2EZuvMJmQu","Wed Mar 16 13:35:43 +0000 2016","MollieGSimon",40.0048655,"-75.117998","professional_gap"
"165","@megynkelly yah have Ted Cruz on again and all these bullshit fox debates!! TRUMPS SCARED OF NO ONE ESPECIALLY THE BLONDE BITCH SOUR GRAPES!","Thu Mar 17 02:03:10 +0000 2016","MichalecTodd",39.7393005,"-89.2665075","violence_against_women"
"166","smile? @JoeNBC really? U just set me back the 5 years I wasted on u every morning. Sexist? Leave that to @realDonaldTrump #Kasich2016","Thu Mar 17 03:39:47 +0000 2016","rippernroll",42.711776,"-87.848561","feminism"
"167","I love the diversity of viewpoints @tedcruz is assembling on foreign policy. A must to avoid group think  https://t.co/fcY6rLdemp","Thu Mar 17 12:45:38 +0000 2016","PMBrief",32.810012,"-117.104989","intersectionality"
"168","Interesting hearing NYers talking abt being friends with bigoted  violent misogynist @realDonaldTrump  birds of a feather #morningjoe","Fri Mar 18 10:10:44 +0000 2016","DwightMiller",40.0048655,"-75.117998","men"
"169","@ciaogirl9 it's either uterus voting or Stockholm syndrome  but it isn't legislative or policy motivated and that's sad... #FeelTheBern","Fri Mar 18 18:48:38 +0000 2016","mjgon64",42.130942,"-72.7567035","reproductive_rights"
"170","@FoxBusiness @JohnKasich @MittRomney @tedcruz Mitt drops John like a used condom. GOP is quite wishy-washy these days. Go @realDonaldTrump.","Fri Mar 18 21:48:17 +0000 2016","SmithDeaf",38.0033755,"-79.420865","reproductive_rights"
"171","@tedcruz 'All evil needs to win is  the consent of good people.'","Sat Mar 19 02:12:37 +0000 2016","NDubczak",33.6311395,"-80.926628","violence_against_women"
"172","@Debi129 @SenSanders What? Hillary Clinton is not a feminist? These Bernie Supporters show their ignorance repeatedly!","Sat Mar 19 20:27:23 +0000 2016","mgd4161",27.9927105,"-82.7553405","feminism"
"173",".@POTUS/@GeorgeSoros/@TedCruz paying #BlackLivesMatter to rape female #Trump spprtrs https://t.co/PuPKd55lIV","Sun Mar 20 00:09:47 +0000 2016","DividedByZeroX2",40.6787035,"-111.997441","violence_against_women"
"174","I so enjoy all those poorly educated #DonaldTrump supporters. Racist  xenophile  sexist  ignorant dupes all and proud of it.","Sun Mar 20 02:16:17 +0000 2016","oldfairt",39.0039365,"-77.403441","feminism"
"175","#BroadCity gives @HillaryClinton a cameo gleefully skewers #sexism directed at her #campaign https://t.co/FEMeeNeyEa https://t.co/ONOIxa20y9","Sun Mar 20 04:41:01 +0000 2016","GabrielF_SLZ",-2.6292855,"-44.3025505","feminism"
"176","Pastor Who Said Gay Marriage Is An 'Attempted Gang Rape Of Our Culture' Endorses Ted Cruz https://t.co/2kUdlXaNzH https://t.co/qWuJigj5Nj","Sun Mar 20 12:53:07 +0000 2016","coopah",35.054627,"-79.0021125","violence_against_women"
"177","@meetthepress @jdbalart @HillaryClinton  lt is completely sexist. Why have I not heard comments about how bloated &amp; red-faced Trump looks?","Sun Mar 20 14:48:57 +0000 2016","marcap1871",41.8335845,"-87.732013","feminism"
"178","@GOP @Reince @CNNSotu if elected  expect a real house cleaning in the GOP from @realDonaldTrump from lazy  corrupt  unqualified politicians","Mon Mar 21 10:49:22 +0000 2016","mtneerbob",38.233362,"-122.0429745","professional_gap"
"179","All of that is a Lie. Generated by you and the media. Stop using racial slurs and debate policy. #TypicalSocialist  https://t.co/LKelSuwfkb","Mon Mar 21 17:20:46 +0000 2016","dr_gonzo1968",33.2707,"-87.592685","intersectionality"
"180","@tedcruz dude the only thing you care about is abortion and guns. Dont think your honest about things","Mon Mar 21 23:22:37 +0000 2016","tanker010",29.838495,"-95.4464865","reproductive_rights"
"181","He wants it both ways Can't have it both ways He's supported on camera  late term abortion  FUCK the baby murderer  https://t.co/oqrLXkrqsD","Tue Mar 22 04:42:03 +0000 2016","catalishus",34.2896895,"-119.2289915","reproductive_rights"
"182","Oh please. Mr Cruz are you kidding?  Your like sour grapes. https://t.co/mbyKxRUQwv","Tue Mar 22 17:06:21 +0000 2016","Tana9342",40.877607,"-74.110548","violence_against_women"
"183","@White_House_PR @alexromano @JohnKasich @tedcruz Christian attacks on abortion doctors  Sikh Temples  Mosques  KKK  etc is post-reformation?","Tue Mar 22 17:44:20 +0000 2016","Valaddiction",39.9946835,"-82.985772","reproductive_rights"
"184","@ColtsFan1971812 @_HankRearden @danneskjold16 You joined the crucify a good man (Ted Cruz) cause... not me... Tell GOD you backed abortion..","Tue Mar 22 19:53:41 +0000 2016","sithintersepter",27.698682,"-83.804475","reproductive_rights"
"185","It is done  either Socialism or Feminism. I am ok with both. No more trump/Cruz craziness and hate #sanders #Hillary #NeverTrump or CRUZ","Tue Mar 22 21:04:07 +0000 2016","NamoodeSaher",39.7393005,"-89.2665075","feminism"
"186",".@tedcruz presidents don't condone racial profiling. People of color  of all faiths and orientations deserve better! https://t.co/7znQK1LR38","Wed Mar 23 01:33:24 +0000 2016","jmbeyond7",34.0207895,"-118.4119065","intersectionality"
"187","@FoxNews @megynkelly https://t.co/TYptofVW0q Where is the outrage The sexist pig remarks? Oh thats right it is @tedcruz so your good with it","Wed Mar 23 02:54:04 +0000 2016","Millermtgirl",43.593853,"-84.772176","feminism"
"188","#MalePrivilege If you hate Hillary 4 same things you voted 4 in last three male presidents  you might be a sexist. https://t.co/Q2IHTrm6ef","Wed Mar 23 09:46:41 +0000 2016","alaskawater",61.2350425,"-149.7587945","feminism"
"189","@freddoso @mr @teddyschleifer Hillary's advisor doesn't have to remind her of anything: her religion is abortion on demand.","Wed Mar 23 20:49:53 +0000 2016","Inductivist",42.863516,"-112.4348275","reproductive_rights"
"190","@realDonaldTrump @RealSheriffJoe I want to thank the racial profiling Sheriff ? Nice one Donald. You really do love the poorly educated !","Wed Mar 23 21:57:13 +0000 2016","michaelhallida4",-27.382143,"152.9931965","intersectionality"
"191","@hooah_mac @MarkMcknz @tedcruz SO why did CRUZ start it? DIVERSION https://t.co/nggurB6EB4","Thu Mar 24 04:48:02 +0000 2016","DenNpt",41.232259,"-73.920305","intersectionality"
"192","#TedCruz #2016 #defundpp #defundplannedparenthood #savethebabies #prolife #millenial https://t.co/1kNkeibpkl","Thu Mar 24 06:06:02 +0000 2016","nancyrazo10",36.786042,"-119.7824645","reproductive_rights"
"193","@realDonaldTrump @NeilTurner_ DREAM ON PAL. With your bigoted  misogynistic  hate mongering past - POTUS? #NEVER https://t.co/RRd7t6bmSx","Thu Mar 24 16:01:46 +0000 2016","designergirla",43.629311,"-79.2725695","men"
"194","@realDonaldTrump @Don_Vito_08 @MELANIATRUMP you are the most sexist  arrogant  uneducated and xenophobic person. Shame on you!","Thu Mar 24 16:03:32 +0000 2016","McvanVanmc",44.3147895,"-78.328113","feminism"
"195","Recognize extremism when it rears its ugly head  Ted Cruz  Mitch Mcconnell  they clothe it in principle &amp; religious values .Crusaders  raped","Thu Mar 24 16:41:53 +0000 2016","HenryKraft5",31.1688935,"-100.0768885","violence_against_women"
"196","@kickitdotcom Glenn Beck Ted Cruz Mitt Romney they are the real sexist!# shameful","Thu Mar 24 18:42:57 +0000 2016","PatriciaLRiver2",30.941077,"-95.3323615","feminism"
"197","@JustinWolfers @tedcruz entire GOP complicit in equating criticizing sexism with 'political correctness'!","Thu Mar 24 20:15:40 +0000 2016","moosewill",38.8808445,"-77.101999","feminism"
"198","You may be wealthy. You may be 'educated.' You're still a bigoted  sexist  racist piece of white trash @realDonaldTrump. #nevertrump","Fri Mar 25 00:29:36 +0000 2016","danmiller3",47.6081205,"-122.035069","feminism"
"199","Sorry Bernie supporters  Hillary is winning 'with a coalition of voters that‚Äôs as diverse as the United States.'  https://t.co/jsG8xQA6WJ","Fri Mar 25 01:03:29 +0000 2016","BenCooper86",-38.132401,"144.369464","intersectionality"
"200","#NeverCruz bc if you can't stand up to an egomanical sexist racist bankrupt businessman how can you stand up for USA https://t.co/PCwZDuVKeh","Fri Mar 25 01:57:54 +0000 2016","reqqied",38.2520795,"-76.974628","feminism"
"201","@khouston0614 Bill cheated so that is bad for Hillary?Why?She isn't the cheater+the rape charges were false!The women recanted under oath!","Fri Mar 25 07:20:21 +0000 2016","CelestialProLLC",33.5528625,"-112.1246765","violence_against_women"
"202","If @realDonaldTrump is elected  should he thank media &amp; politicians who accused Trump supporters of racism  stupidity &amp; not being 1 of them?","Fri Mar 25 13:00:41 +0000 2016","Hermittao",30.759622,"-88.260049","intersectionality"
"203","Not even sure how to react to what's quoted in this piece. #trump #misogyny #gender #AntiWomen  https://t.co/pz9D4Wi9qL","Fri Mar 25 13:50:35 +0000 2016","KadambariM",39.012062,"-77.3154","men"
"204","@jakeardellitz @realDonaldTrump yeah man I converted I quit feeling the bern #TrumpForLife #Racism #BuildTheWall #IslamSucks","Fri Mar 25 14:38:57 +0000 2016","mryannagy",40.494116,"-79.761426","intersectionality"
"205","@TrumpLandslide I'M still waiting for the Hillary to Rafael Ted Cruz is a sexist condemnation","Fri Mar 25 15:15:33 +0000 2016","JackMcColliste1",39.457639,"-87.382054","feminism"
"206","@19amish I think it would be described as Trump facilitated the rape of children. @Angelisse007 @SaintRPh @_CFJ_ @realDonaldTrump","Fri Mar 25 21:22:34 +0000 2016","_RobertHoover",42.308346,"0.3142995","violence_against_women"
"207","#CruzSexScandal These holier-than-thou preacher types often r the biggest moral offenders-Pointing to @realDonaldTrump is a diversion tactic","Sat Mar 26 01:41:12 +0000 2016","ChJLuc91",42.130942,"-72.7567035","intersectionality"
"208","@BenSasse @amandacarpenter @realDonaldTrump @Don_Vito_08 besides. @heidiscruz is already a running mate  she's fair game. #feminism","Sat Mar 26 05:16:14 +0000 2016","rlewfilms",34.0207895,"-118.4119065","feminism"
"209","@yungjeune don't be a moron this man was arrested standing up for racial equality while hillary was fighting to reinstate segregation","Sat Mar 26 05:35:35 +0000 2016","CenterForReason",45.8445685,"-119.292934","intersectionality"
"210","@realDonaldTrump @pattiandsammi @gullakhta99 @Tytan01 @CNN You doth protest too much Can the sexist attacks on Kelly  Cruz #Mysoginist","Sat Mar 26 11:27:25 +0000 2016","KAS_SB",40.065369,"26.4761025","feminism"
"211","WHERE IS THE HARD EVIDENCE? (PUN INTENDED). WHERE ARE THE BLUE DRESSES CRUZ  DRENCHED &amp; FOULED? WHERE ARE HIS RAPES? https://t.co/giQaRFa3kU","Sun Mar 27 14:53:08 +0000 2016","Gibbsdithers",42.308346,"0.3142995","violence_against_women"
"212","@DefundPPNOW @catherine333777 @TeamTrumpNC @saul42 @grump7557 @realDonaldTrump NOPE. CRUDCRUZ IS GOING DOWN THE TUBES. #LyinTed is FINI'","Sun Mar 27 17:56:15 +0000 2016","SamanthaBurges",22.3073495,"114.168002","reproductive_rights"
"213","@tedcruz holds the bible in one hand &amp; a condom in the other! #CruzSexScandal #LyinTed #Barump‚û°Ô∏ètragicGOPhashtag https://t.co/lw9WKT3Fz2","Sun Mar 27 18:26:26 +0000 2016","dawn_redbird",35.1704985,"-79.861034","reproductive_rights"
"214","@seanhannity poll BS.@realDonaldTrump is beating all others.Cruz will not beat Hillary. Independents  Dems and left leaning repub never Cruz","Mon Mar 28 14:32:52 +0000 2016","franceslewis123",28.4838475,"-82.534354","professional_gap"
"215","Trump is too damaged to win the General! Hillary will make mincemeat out of him! Only hope is Cruz! https://t.co/rApEPO3lrN","Mon Mar 28 22:30:01 +0000 2016","SHARONHAYNES12",42.8659365,"-88.3286565","violence_against_women"
"216","A @tedcruz presidency = #KillTheGays  #KillLiberals  #KillFeminist  let Seniors &amp; the uninsured die. How #prolife of him. @CNN @CBSNews @nbc","Mon Mar 28 23:59:14 +0000 2016","lheras67",31.1688935,"-100.0768885","feminism"
"217","So glad Hillary started tone-policing Bernie. I was just wondering how she could possibly be more of a white feminist #ToneDownForWhat","Tue Mar 29 00:07:23 +0000 2016","jvgraz",37.948843,"-122.362414","feminism"
"218","Trump Fights Sexism With Ugly Heidi Cruz Retweet -- NYMag He calls Spade a Spade https://t.co/gmPjyQphLI","Tue Mar 29 04:08:46 +0000 2016","784578GGBATski",39.8902325,"-82.7410435","feminism"
"219","I'm with tha Blond Chick  She's an All #American SUPER HERO  .@HillaryClinton    #WiseWomenVoteDem  .@cspanwj #p2","Tue Mar 29 12:21:15 +0000 2016","SirrK",32.3364125,"-90.321127","professional_gap"
"220","Glenn Beck Jokes: I‚Äôve Been ‚ÄòRaped By Ted Cruz‚Äô [VIDEO] https://t.co/8IDCcvbtPZ via @dailycaller Drop Ted now before he embarrasses you too!","Tue Mar 29 12:23:38 +0000 2016","Bigbogrunner",31.1688935,"-100.0768885","violence_against_women"
"221","And @realDonaldTrump treated her like a rape victim-shame the victim https://t.co/NoHz36KpXl","Tue Mar 29 21:41:43 +0000 2016","ZoeyTur",34.0207895,"-118.4119065","violence_against_women"
"222","@freeblackgirl @KatrinaNation who men in feminist circles  talk about under represented and ostracized Please more yeah Hillary for feminism","Tue Mar 29 22:45:50 +0000 2016","ArikFetscher",41.050217,"-73.63941","feminism"
"223","Sally Miller  mistress for 3 months of Bill Clinton  stated Hillary had several abortions &amp; in February claimed she is a lesbian","Wed Mar 30 02:56:03 +0000 2016","chaleeboh3131",39.4072425,"-76.456646","intersectionality"
"224","@PatrickSvitek @tedcruz CRUZ PUT A WOMEN back IN THE 18th and 19th CENTURY when it comes to their own bodies! TED AND BACK ALLEY ABORTIONS!","Wed Mar 30 03:04:27 +0000 2016","obiwanjedi49",48.1688315,"-103.6323965","reproductive_rights"
"225","Sarah takes a break from making fun of AIDS victims  'chinks'  the molested  rape survivors and black women #HillYes https://t.co/MZNPgIw1rj","Wed Mar 30 04:26:58 +0000 2016","theMattyKakes",33.5422375,"-86.793917","violence_against_women"
"226","So @GOP @GOPSenFinance @RNC you should embrace @realDonaldTrump he represents everything about your racist bigoted homophobic sexist party","Wed Mar 30 08:49:43 +0000 2016","Jim_Cressman",42.9488405,"-81.2487865","feminism"
"227","Ted Cruz steals votes and denies it  consents to scurrilous ads of a candidate's wife and denies it  is that what you expect of a President?","Wed Mar 30 09:27:36 +0000 2016","Desor",45.7104515,"7.8771665","violence_against_women"
"228","Eerie how similar @realDonaldTrump and OJ sound in their 'she assaulted ME' defense. #birdsofafeather #victimblaming","Wed Mar 30 13:49:50 +0000 2016","LMKrules",39.087055,"-77.1631025","violence_against_women"
"229","The media  @tedcruz   @realDonaldTrump   and the GOP have given America a Clinton presidency. #kellyfile is rejoicing!#feminism #bias","Wed Mar 30 14:03:40 +0000 2016","MLinout",39.025837,"-94.6559455","feminism"
"230","@DefundPPNOW @wolverinenyc1 @heidicruz I campaignfor @tedcruz. I'd die before vote for Trump. That said  DT's wife isn't Comm or porn star","Wed Mar 30 15:47:14 +0000 2016","BetheHuntington",41.5372335,"-72.80198","reproductive_rights"
"231","@GOP RNC tweeted 'We agree with Donald Trump that if abortion becomes illegal women should be sent to jail for murdering their fetuses.'","Wed Mar 30 19:45:24 +0000 2016","SenStripmine",40.785951,"-74.485163","reproductive_rights"
"232","My wife is off limits -Ted Cruz Unless of course her reproductive rights are being debated on Capitol Hill. Then anybody can get up in there","Wed Mar 30 20:10:05 +0000 2016","PatriotLemonade",34.0207895,"-118.4119065","reproductive_rights"
"233","@realDonaldTrump @tedcruz @CNN  I was all for pulling federal funding for abortion. But punishing women for it? You both lost my vote today.","Wed Mar 30 20:31:17 +0000 2016","Delgado1776",32.6782075,"-83.1738665","reproductive_rights"
"234","@realDonaldTrump do you know how many rapes go unreported?","Wed Mar 30 21:37:01 +0000 2016","ImJacksDejaVu",34.093436,"-84.055018","violence_against_women"
"235","@tedcruz yes. including the raped. This is a gift","Wed Mar 30 21:53:17 +0000 2016","Mack_Machine",41.1179365,"-77.604684","violence_against_women"
"236","@happy_catholic @tedcruz @SopanDeb And here we go with the hyperbole from the actual abortion extremists. https://t.co/H4DSdebdrN","Wed Mar 30 22:52:12 +0000 2016","MRKokoski",39.4320365,"-77.418002","reproductive_rights"
"237","@tedcruz ok now after trumps abortion statement.. Ban abortions/punish women who have them.. You better figure how to get that nomination!!","Thu Mar 31 00:11:56 +0000 2016","MotherTerysa",46.0646405,"-118.3210685","reproductive_rights"
"238","@maddow is so #dedicated to #facts! @HillaryClinton interview  #DonaldTrump &amp; #abortion is #priceless! I never chase #famous women @SMShow!","Thu Mar 31 01:12:54 +0000 2016","jboogiebrown2",42.9564115,"-85.6411415","reproductive_rights"
"239","When DT asked about abortion. @marcorubio @tedcruz @MiamiNewTimes @miamitimes @orlandotv85 @i4corridor @SFR_Florida  https://t.co/Fi1LqOzS1B","Thu Mar 31 01:49:19 +0000 2016","htberggren",35.1704985,"-79.861034","reproductive_rights"
"240","@tedcruz bangs hookers @billclinton  raped women #obama imports terrorists LSM is most distressed abt Corey Lewandowski touching a LIARS arm","Thu Mar 31 02:03:50 +0000 2016","DENYSEKENNEDY",38.9420155,"-77.282047","violence_against_women"
"241","@maddow u really #distorted what #Bernie said about #DrumpfAbortion in your #promo insinuated #HRC was stronger in her rebuke? Flat out lie!","Thu Mar 31 02:20:05 +0000 2016","willibbys",44.9706105,"-93.2620465","reproductive_rights"
"242","@Women4Bernie Did u just C #maddow LIE &amp; say Bernie doesn't care about abortion rights? becuz he wanted 2 talk issues not Trump!","Thu Mar 31 03:56:45 +0000 2016","jilliansw",34.1682535,"-111.931711","reproductive_rights"
"243","It's disgusting that Donald Trump believes a women should be indicted for an abortion","Thu Mar 31 04:35:53 +0000 2016","r_fritzy",40.859832,"-74.1581305","reproductive_rights"
"244","If you are pretending to be pro-life you will not know why you are pro-life. @marcorubio @seanhannity @megynkelly @tedcruz @WomenVotes @GOP","Thu Mar 31 10:23:17 +0000 2016","htberggren",35.1704985,"-79.861034","professional_gap"
"245","@NewDay why don't you talk about @tedcruz gay bashing preacher truly sick @womenvotetrump","Thu Mar 31 10:46:18 +0000 2016","JStoddardYoung1",40.0730405,"-74.7243235","professional_gap"
"246","@realDonaldTrump  bit quiet today?? Because you've demonstrated the extreme levels of your out of touch  naive and sexist idiocy??","Thu Mar 31 12:25:01 +0000 2016","staveleyblack",51.3711545,"0.5824535","feminism"
"247","Nazi Germany penal code - woman caught inducing own abortion or allowing it could be held for a period of 1day to 5 yrs. #DonaldTrump #Cruz","Thu Mar 31 13:03:12 +0000 2016","AJWeberman",40.780709,"-73.9685415","reproductive_rights"
"248","I thought as conservatives we agreed abortion is murder? Ted Cruz &amp; Kasich says murderers shouldn't be punished only Trump says they should!","Thu Mar 31 14:08:27 +0000 2016","nationdivided",35.3090465,"-98.716992","reproductive_rights"
"249","@tedcruz https://t.co/ugcWflRWNM          Donald Trump 45.731 (79%) He is NOT for abortion.Remember Jesus keeps a record off what we do &amp;say","Thu Mar 31 14:45:42 +0000 2016","TaPinner",35.1704985,"-79.861034","reproductive_rights"
"250","@tedcruz I've noticed that everyone who is for abortion has already been born.‚Äù ‚Äï Ronald Reagan","Thu Mar 31 16:43:51 +0000 2016","purdycan",49.8538055,"-97.1526765","reproductive_rights"
"251","Disappointed in @limbaugh falling all over himself to defend  @realDonaldTrump comments on abortion.","Thu Mar 31 16:45:05 +0000 2016","gtwentz",32.6782075,"-83.1738665","reproductive_rights"
"252","Maybe reason 4 Trump's reproductive rights statements was 2 win Catholics &amp; conservative Christians away from Ted Cruz?","Thu Mar 31 16:56:03 +0000 2016","cathfisch",39.6790935,"-75.7560985","reproductive_rights"
"253",".@FoxNews @realDonaldTrump SHOULD have said 'Not gonna happen Chris  abortion been legal over 40 yrs!' #trump 2 dumb 4 #potus #CruzToVictory","Thu Mar 31 18:41:28 +0000 2016","JoyOverbeck1",39.523531,"-104.7608605","reproductive_rights"
"254","@Itsjoeco @realDonaldTrump but Cruz doesn't believe in punishment for illegal abortion so he isn't very conservative","Thu Mar 31 19:20:56 +0000 2016","georgiegirl1216",35.8305215,"-85.9785995","reproductive_rights"
"255","@Thales99 No. Thats opinion. Trump inherited million. Hillary latched on to Bill at early college age &amp; barely worked...so much for feminism","Thu Mar 31 19:53:00 +0000 2016","freedommary",42.746617,"-75.770041","feminism"
"256","@wolfblitzer C Matt 'If Law Made Abortion Criminal Punish'? @realDonaldTrump Chris Complicated 'Comon Answer' DT Corrected No Worse Issue!","Thu Mar 31 21:46:46 +0000 2016","cleared37Joseph",42.1228405,"-70.851774","reproductive_rights"
"257","@HillaryClinton stands as one to fight for the underrepresented people in America and gives them a united voice!  https://t.co/qiyqHz4qJy","Thu Mar 31 23:37:59 +0000 2016","CorieCoquack2",29.838495,"-95.4464865","professional_gap"
"258","Have been off grid today. Will #trump abortion/punish messup + other problems help #CruzCrew #Kasich4Us in #WisconsinPrimary. I say yes!","Thu Mar 31 23:39:02 +0000 2016","JeffCarter111",34.066454,"-118.446479","reproductive_rights"
"259","@bryancrabtree @tedcruz @FoxNews @HillaryClinton He clearly is...could he have participated in an abortion for one of his mistresses?","Fri Apr 01 00:35:44 +0000 2016","Texastrue11",29.497157,"-95.087029","reproductive_rights"
"260","@megynkelly @marcthiessen @realDonaldTrump Says who? I'm more disappointed that DJT backed off because he was 100% right. Abortion is murder","Fri Apr 01 01:27:00 +0000 2016","Jmpmaztr1",27.698682,"-83.804475","reproductive_rights"
"261","#TedCruz co-chair #TedNewman maintains website with abortionists' names and addresses. #theeasiertoassassinate #thisisreal #payattention","Fri Apr 01 01:54:45 +0000 2016","feruzi",38.5475425,"-121.3603605","reproductive_rights"
"262","@maddow ~&gt;Tonight's show is the very reason why YOU are the best in the business! @tedcruz I believe is a more radical anti abortion RWNJ","Fri Apr 01 02:17:21 +0000 2016","apt1403",51.027664,"-114.087851","reproductive_rights"
"263","@hardball_chris @wolfblitzer @jaketapper. Be objective in your reporting. Ted Cruz position on abortion is far right","Fri Apr 01 02:35:15 +0000 2016","bobvenugopal",34.188478,"-118.9188865","reproductive_rights"
"264","@seanhannity @realDonaldTrump Cruz is against all gays and someone who believes in violence to stop abortion is right. Trump is for all","Fri Apr 01 02:35:26 +0000 2016","georgiegirl1216",35.8305215,"-85.9785995","reproductive_rights"
"265","@realDonaldTrump:you screwed the pooch with ur stand on abortion; you displayed shocking ignorance of details of this issue; expected better","Fri Apr 01 03:58:53 +0000 2016","JacksonFrost",26.270261,"-80.2497725","reproductive_rights"
"266","@realDonaldTrump DJT - No matter how MSNBC is asking you trick questions on abortion - I voted for you in Florida + will vote 4 u in Nov !!","Fri Apr 01 13:51:48 +0000 2016","LoreWestphal",29.0597265,"-82.0554015","reproductive_rights"
"267","Do #Cruz supporters know he supports a personhood amendment  making abortion murder?  Republicans are hypocrites! #BernieSanders","Fri Apr 01 15:25:25 +0000 2016","LibTee",44.218552,"-88.443615","reproductive_rights"
"268","@Mornings9AU Donald Trump has created racial ethos reporting to ban Muslims &amp; build wall around Mexico  no matter how unrealistic. Mich","Fri Apr 01 22:20:01 +0000 2016","meqwell",-26.6064825,"153.074157","intersectionality"
"269","@DavidLohago @Gelicmonk @SarahPalinUSA @MSNBC   U agree w/me &amp; @realDonaldTrump: When abortion is illegal  women s/b prosecuted 4 having one","Sat Apr 02 00:48:55 +0000 2016","luigibleu",32.8198585,"-96.7617535","reproductive_rights"
"270","@tedcruz is unambiguously #ProLife. #ChooseCruz #Life #Christian #Catholic #ccot #tcot #GOPPrimary #GOP #teaparty","Sat Apr 02 02:12:35 +0000 2016","Ron_GriffithsJr",42.0568865,"-76.0278695","reproductive_rights"
"271","Why is Ted Cruz awkwardly sexualized in memes?!!!! It makes me uncomfortable as hell  but I think that's the point? Is that how to meme?","Sat Apr 02 05:30:31 +0000 2016","ActuallyVanessa",33.5528625,"-112.1246765","feminism"
"272","@SarahPalinUSA @RealBenCarson @AnnCoulter @seanhannity had no clue u support a #ProChoice candidate over a #Prolife one @tedcruz","Sat Apr 02 08:58:35 +0000 2016","timothy_rhoads",40.150295,"-75.3370765","reproductive_rights"
"273","The misogyny thrown at Hillary Clinton today will negatively impact Kamala later. That's why it can't be tolerated https://t.co/XZ7eXQnL1z","Sat Apr 02 10:29:33 +0000 2016","boldandworthy",41.8335845,"-87.732013","men"
"274","Abortion gay marriage affirm action relig liberty issues need 2 b discussed NOW. Unify party &amp; have a referendum &amp; make USA choose.#CruzCrew","Sat Apr 02 13:33:23 +0000 2016","garynsancy123",38.0033755,"-79.420865","reproductive_rights"
"275","@realDonaldTrump knows as most rational folk know if abortion criminalized as #HRC says  #maddow reported women Doctors all be criminalized","Sat Apr 02 13:46:47 +0000 2016","bspence5",39.3857395,"-76.704368","reproductive_rights"
"276","So @realDonaldTrump has stated  disavowed  re-avowed  &amp; un-re-dis-avowed his own current &amp; past comments on Abortion (in less than 3 days)!","Sat Apr 02 14:23:56 +0000 2016","SwamiDaveSays",32.6782075,"-83.1738665","reproductive_rights"
"277","Made calls instead of door knocks today. Only 1 Trumpster! Rest for Cruz  or leaning towards! Keep pushing #CruzCrew don't stop! #WIPrimary","Sat Apr 02 16:53:59 +0000 2016","HeathersCheddar",44.900818,"-89.5694915","professional_gap"
"278","#DonaldTrump great negotiating skills are on display as he negotiates with himself on ALL sides of abortion #NeverTrump #ChooseCruz","Sat Apr 02 18:01:55 +0000 2016","davidkbaugh",42.068573,"-91.657674","reproductive_rights"
"279","Yes very nasty sexist and non Christian. Ask @tedcruz about lollipops! All I'm saying. #lyinted  https://t.co/ON86d7Poff","Sun Apr 03 06:24:17 +0000 2016","MrNashvilleTalk",36.2332615,"-86.5631295","feminism"
"280","@FoxNews @realDonaldTrump @CNN  Irresponsible or criminal men are responsible for unwanted births &amp; abortions. They should pay not others.","Sun Apr 03 15:09:33 +0000 2016","john2iggs",31.1688935,"-100.0768885","reproductive_rights"
"281","@grnmedina_chris @ThankYouBernie 12 yr old rape victim that Hillary discredited and defended her attacker watch video her narration-shocking","Sun Apr 03 16:25:53 +0000 2016","hravida",38.64612,"-77.358939","violence_against_women"
"282","@j2yngr @philmonaco67 Jesus is the final judge 4 Hillary  Obama  Bernie &amp; myself if we support abortion. I've repented I used to be in NARAL","Sun Apr 03 16:53:53 +0000 2016","Artist4Palin",42.746617,"-75.770041","reproductive_rights"
"283","@HawkinsUSA @JonahNRO Ted Cruz is as representative of the Establishment as Donald Trump is of feminism","Mon Apr 04 05:40:41 +0000 2016","mock_leader",33.810159,"-117.824049","feminism"
"284","@PatrickSvitek @JonahNRO So is @tedcruz  Abortion is a faux issue. It requires a constitutional amendment to overturn. No one wants that","Mon Apr 04 17:19:04 +0000 2016","donsurber",38.462599,"-81.812551","reproductive_rights"
"285","@FoxNews @realDonaldTrump @tedcruz @GOP :Rapper calls for Palin gang-rape by ‚Äòburliest‚Äô black men https://t.co/CDg5wFjpED via@worldnetdaily","Mon Apr 04 23:29:56 +0000 2016","UscYr72",36.8025415,"-76.069946","violence_against_women"
"286","@FoxNews @tedcruz @realDonaldTrump when agree with abortion  in most any form  your aiding and abetting Murder!!","Tue Apr 05 01:22:00 +0000 2016","chashedrick",33.220769,"-86.8306435","reproductive_rights"
"287","@realDonaldTrump wants to punish women who get abortion. @tedcruz will have women have the baby even if they are raped. Wow!","Tue Apr 05 01:23:07 +0000 2016","Cheesehead891",42.794954,"-71.2255675","violence_against_women"
"288","Hey Cruz what would you do if medically if they outlawed abortion https://t.co/wDNSOccpyv","Tue Apr 05 01:28:04 +0000 2016","hairsmybuz",32.85118,"-116.9880225","reproductive_rights"
"289","@megynkelly @tedcruz @realDonaldTrump is skippin' scared to face Meygn about abortion and everything else.","Tue Apr 05 01:30:48 +0000 2016","Rats1777",41.928206,"-73.907238","reproductive_rights"
"290","@megynkelly @tedcruz @realDonaldTrump Seriously Megan?  How can you live among those misogynistic snakes? Are you brainwashed or desperate?","Tue Apr 05 01:59:42 +0000 2016","outmykidsmouths",38.561722,"-121.469664","men"
"291","@realDonaldTrump racist  sexist  xenophobe  ignorant  confirmed liar  failing businesman with limited intelligence  Obv ppl will vote on him","Tue Apr 05 17:45:03 +0000 2016","DzonAFC",51.8944435,"-0.4323375","feminism"
"292","@tedcruz So you want rape victims to carry the chip of a rapist and then end up giving the rapist parenting rights?","Tue Apr 05 18:53:34 +0000 2016","EpiFebres",31.4405225,"-100.453089","violence_against_women"
"293","@tedcruz Re: Pro-life. I'm for pro-life  yet would be afraid if abortion was taken away from women and they would try to do it themselves.","Tue Apr 05 20:19:48 +0000 2016","bounty7337",30.4820535,"-90.4793805","reproductive_rights"
"294","@ThePushReport @tedcruz What if it turns out he is a #GayHomosexualTransgenderBDSMCrossDresser w really kinky aspirations infiltrator ?","Wed Apr 06 00:43:47 +0000 2016","NinaBGonzales",34.0207895,"-118.4119065","intersectionality"
"295","@JohnKasich is like a barnacle on the bottom of the @tedcruz cruiseship -no need to be there - needs to be scraped away -","Wed Apr 06 00:46:38 +0000 2016","funlabologist",34.181779,"-86.845281","violence_against_women"
"296","@tedcruz supports bringing RAPEFUGEES  to YOUR TOWN @AnnCoulter @RogerJStoneJr @LoriPatriot @Midgespeaks  https://t.co/X9zaAWlXaf","Wed Apr 06 03:22:41 +0000 2016","TheCarCzarsPage",45.410135,"-122.551095","violence_against_women"
"297","Um Trump tweeting pic of Heidi Cruz and proclaiming women be punished for abortions may have contributed. https://t.co/fwxgehCM9I","Wed Apr 06 03:40:30 +0000 2016","CynthiaCHeath",34.415631,"-118.5032585","reproductive_rights"
"298","@HillaryClinton @StateDept @saludhernandezm @MariaUribe64 @MariaFdaCabal @PaolaHolguin @AlbertoAnaya1 @billclinton  https://t.co/8THzy0Rape","Wed Apr 06 12:40:35 +0000 2016","luisfvb1948",6.270883,"-75.619213","violence_against_women"
"299","To avoid crazy demagogue racist sexist crazy  embracing simple rightwing crazy? #DonaldTrump #TedCruz #GOP #USpoli  https://t.co/sJ5Wp6nr4F","Wed Apr 06 13:18:22 +0000 2016","murdochdavis",33.5422375,"-86.793917","feminism"
"300","There you go again  @realDonaldTrump. Ted reiterated YOUR liberal NY values from 2008: pro-abortion &amp; gay rights. BTW  upstaters agree w/Ted","Thu Apr 07 20:31:06 +0000 2016","7ajm777",40.4457045,"-74.473067","reproductive_rights"
"301","@moonjam @robdelaney This is what Ted Cruz thinks a #feminist is.","Fri Apr 08 11:09:35 +0000 2016","Eddie_90",51.723563,"-0.29971","feminism"
"302","Coming up on .@CNN crazy ass #Bill confronted by #BLM  dog whistles to  #Hillary leaning .@realDonaldTrump supporters","Fri Apr 08 13:31:26 +0000 2016","Proligarchy",37.2744885,"-79.95791","professional_gap"
"303","@tedcruz @GOPconvention ' WOULD U NOT CALL THAT RACISM? THE GOV. DONT WANT 2 PROTECT US BUT RATHER PROTECT ILLEGALS https://t.co/R1xuJpnXYO","Fri Apr 08 15:48:58 +0000 2016","faagifts",37.822244,"-85.7682405","intersectionality"
"304","@carpedixiexxx @RickCanton @realDonaldTrump My mixed-race kids many students I've assisted certainly'd agree I'm racist/sexist.Yep!","Fri Apr 08 18:07:20 +0000 2016","ProfessorTBone",41.5681445,"-73.4129725","feminism"
"305","To kick RAPEFUGEES out  vote @realDonaldTrump #No Clinton #NoCruz #TurnOffFoxNews https://t.co/ugx0dJJLKL","Fri Apr 08 22:58:22 +0000 2016","TheCarCzarsPage",45.410135,"-122.551095","violence_against_women"
"306","Twitter Defends Rapper Who Tweeted That Sarah Palin Should Be Gang-Raped by Black Men https://t.co/BdvJ7rSGNl via @rightwingnews","Fri Apr 08 23:37:16 +0000 2016","DavidBednar5",41.176533,"-81.441568","violence_against_women"
"307","Denu says a small group of Elkhorn students chanted racial slurs as well as things like 'Donald Trump  build that wall!' #news3","Sat Apr 09 22:02:27 +0000 2016","cgothner",42.5530415,"-89.014027","intersectionality"
"308","@realDonaldTrump Was something edited? R do u really believe women should b punished 4 abortion-Even raped women?","Sun Apr 10 15:35:37 +0000 2016","T_Tedder",31.1688935,"-100.0768885","violence_against_women"
"309","I'm here today to #DebunkSexism on behalf of Hillary Clinton and her supporters. If you disrespected your mother this way. She slap you!","Sun Apr 10 20:30:35 +0000 2016","DayJojo771980",38.8885185,"-104.789327","feminism"
"310","##ImWithHer Bernie voted with the GOP to force campus rape victims to report their assaults. What doesn't he get about their choice.","Sun Apr 10 21:55:47 +0000 2016","DrCheriQuinn",34.178787,"-103.3372665","violence_against_women"
"311","MT @CountingOnCruz: Ted Cruz successfully defended a law that bans partial birth abortion. https://t.co/5x6SQv5ZqT #CruzCrew #PJNET","Mon Apr 11 01:15:52 +0000 2016","dixiebelle759",32.576227,"-86.6807375","reproductive_rights"
"312","@Jst1tC @EileenTownsend4 @realDonaldTrump That's a bold face LIE&gt;. Trump has never advocated abortion.. he thinks it's terrible.. &amp; it is","Mon Apr 11 08:16:01 +0000 2016","Tamaralynn212",41.8335845,"-87.732013","reproductive_rights"
"313","@Morning_Joe but @BernieSanders voted for the Trade agreement under President Bill Clinton.#DoubleStandards","Mon Apr 11 10:31:40 +0000 2016","LadyRosalyn04",35.209059,"-80.8467855","feminism"
"314","HEY TRANSGENDERS TAKE HILLARY CLINTO WITH YOU ALL OK FROM UNITED STATES OF UNITED STATES OF AMERICA","Mon Apr 11 18:04:16 +0000 2016","DonaldNina",42.308346,"0.3142995","intersectionality"
"315","@ByCommonConsent @jermsguy Maybe it‚Äôs not him that‚Äôs being underestimated. Maybe‚Äôs it‚Äôs Hillary‚Äôs strength that‚Äôs being overestimated.","Mon Apr 11 22:45:50 +0000 2016","Captain_Strongo",33.1966005,"-87.5334065","violence_against_women"
"316","@oreillyfactor @LindaSuhler Diversity Group for Trump being started- https://t.co/xoM7IAbjO6","Tue Apr 12 01:01:56 +0000 2016","susanfujioka",35.1704985,"-79.861034","intersectionality"
"317","But....@tedcruz said he was a left wing transgender activist. https://t.co/tAZTLIjw6d","Tue Apr 12 02:15:25 +0000 2016","BukiWilliams",40.780709,"-73.9685415","intersectionality"
"318","@melimel521 @ForecasterEnten she hasn't been losing ground. It's just that Bernie leaning states voted in that time frame.","Tue Apr 12 05:46:45 +0000 2016","atk825",37.7706565,"-122.4359785","professional_gap"
"319","@realDonaldTrump So excited abt the Nat'l Diversity Coalition 4 Trump.U united us all under #MakeAmericaGreatAgain  https://t.co/XqdQBPLeGp","Tue Apr 12 23:15:45 +0000 2016","susanfujioka",35.1704985,"-79.861034","intersectionality"
"320","few things I'm more proud of than my brother being both a feminist and believing Ted Cruz is the Zodiac Killer","Wed Apr 13 20:57:58 +0000 2016","camhiltner",39.9946835,"-82.985772","feminism"
"321","@ImagineAnna Yes he's #LyingTed But this Gay Bashing/Killing &amp; associates himself w/ppl Blowing up abortion clinicsüò≥ https://t.co/Y4iZ6BQdGX","Thu Apr 14 00:20:47 +0000 2016","kimhenson",32.571032,"-89.876449","reproductive_rights"
"322","@heyjdey Does #HillaryClinton really think she's not contributing to hate &amp;racism by saying blacks arrested 4 petty crime &amp; whites aren't?.","Thu Apr 14 00:22:00 +0000 2016","miksu2006",42.308346,"0.3142995","intersectionality"
"323","@CaileighScott @DebraMessing @BernieSanders And the blatant sexism exhibited by Hillary supporters is more sickening...","Thu Apr 14 02:00:12 +0000 2016","HoosierLib",39.963761,"-85.9500505","feminism"
"324","@cantontweet @DataGenesis @RealWomenVoters @tedcruz https://t.co/2iVDyqZjzF","Thu Apr 14 02:27:38 +0000 2016","alexperales13",32.8198585,"-96.7617535","professional_gap"
"325","In today‚Äôs installment of ‚ÄòTed Cruz is the strangest man on the planet #AndAlsoPossiblyTheZodiacKiller  I present: https://t.co/IEiXOiwVtS","Thu Apr 14 17:13:57 +0000 2016","michaelcailler",42.3345575,"-71.1019495","men"
"326","I really loathe @tedcruz   Proud to be #LGBT #ProChoice #ProImmigrant #AntiRacism &amp; #Intelligent unlike Ted","Fri Apr 15 00:49:31 +0000 2016","kristyandsandra",34.0207895,"-118.4119065","intersectionality"
"327","Cruz always does his best under hard questioning. Trump folds every time (i.e. Matthews MSNBC abortion interview). https://t.co/smwrqM0USf","Fri Apr 15 00:50:09 +0000 2016","garynsancy123",37.4009555,"-79.179013","reproductive_rights"
"328","There is no doubt @HillaryClinton would nominate a #SCOTUS justice who doesn't believe RoevWade is law and wouldn't overturn CitizensUnited.","Fri Apr 15 02:50:20 +0000 2016","AFTunion",38.898603,"-77.0143985","reproductive_rights"
"329","@PPact @BernieSanders literally said he wanted to increase @PPFA funding tonight. #PPact4Hillary #DemDebate","Fri Apr 15 03:59:40 +0000 2016","_El_Mendoza",39.284713,"-76.620482","reproductive_rights"
"330","@realDonaldTrump if u r elected  can you keep the transgenders out of my bathrooms? I don't want them there! What about my rights?","Fri Apr 15 12:00:35 +0000 2016","vlm4869",40.3651595,"-82.6694675","intersectionality"
"331","Ted Cruz: Transgender 'Bathroom Bills' Are 'Perfectly Reasonable' https://t.co/uWmIaDxyRm","Fri Apr 15 16:33:09 +0000 2016","tonygreene113",28.087675,"-82.479513","intersectionality"
"332","GOP Theatrics...Ted Cruz:'Stimulating One's Genitals' https://t.co/tH8IXkeoMG @jrf195959 @JR777771 @wallyreyesjr @goprapebuster","Fri Apr 15 19:46:31 +0000 2016","RFSchatten",44.1454365,"-120.5834015","violence_against_women"
"333","@CNN @macstar2 Bernie Sanders when to see the Pope.No official stats motivated him 2 go. It's a diversion. An old trick to make others fear","Fri Apr 15 20:19:35 +0000 2016","macstar2",33.6311395,"-80.926628","intersectionality"
"334","@marklevinshow I wonder how Levin feels about Cruzman sachs supporting transgender bathrooms. https://t.co/DWIGk0uOvS Cruz is fraud snake","Sat Apr 16 01:47:23 +0000 2016","dave1163sag",40.7504485,"-73.4831675","intersectionality"
"335","US contemplates how Ted Cruz masturbated in college. Justin Trudeau conferences about feminism &amp; quantum physics.","Sat Apr 16 02:41:33 +0000 2016","quixoticblazes",40.655138,"-73.9487755","feminism"
"336","@WDFx2EU U DON'T HAVE 2 KNOW LOTS 2 KNOW @tedcruz IS AN AHOLE &amp; HIS PREACHER DAD PLED GUILTY TO RAPE &amp; ABUSE.  BE SAFE @realDonaldTrump","Sat Apr 16 04:00:38 +0000 2016","tn_lyn",27.698682,"-83.804475","violence_against_women"
"337","@29roses29 @BradG_ctv @AC360 @cnnbrk @tedcruz U still haven't answered my ? If your leaning?","Sat Apr 16 15:55:15 +0000 2016","ErinRehman",44.914601,"-93.5877175","professional_gap"
"338","Because the newspaper of record is too busy doing repeated pro-Bernie stealth editing  that's why.  https://t.co/1RapE2sdgA","Sat Apr 16 18:37:45 +0000 2016","Calybancalyban",37.9865425,"-122.5207275","violence_against_women"
"339","As a Black Woman proud of her heritage dedicated to community wellbeing I CANNOT for @HillaryClinton https://t.co/ixTbIlE1AZ @feministing","Sat Apr 16 23:30:03 +0000 2016","womanistpsych",39.3857395,"-76.704368","feminism"
"340","@PattiAn46409545 @tedcruz A transgender person must live outwardly as their identified gender before their birth certificate can be updated!","Sun Apr 17 03:12:09 +0000 2016","PattiAn46409545",50.27125,"-96.692561","intersectionality"
"341","@PattiAn46409545 @tedcruz  Being transgender has nothing to do with religion or perversion. It is as genuine and pure as any  other birth.","Sun Apr 17 03:26:34 +0000 2016","PattiAn46409545",50.27125,"-96.692561","intersectionality"
"342","Man @tedcruz is cleaning up the states that aren't allowing citizens to vote. @RNC be crushing the vote steal @realDonaldTrump #rigged","Sun Apr 17 07:12:01 +0000 2016","alexbrownstown",41.8335845,"-87.732013","professional_gap"
"343","@LarssonnBamse @People4Bernie U R totally delusional. Bern hasn't been vetted. Theyre already calling him Bolshevik Bernie &amp; his rape coment","Sun Apr 17 14:57:01 +0000 2016","HEINSLERJAN",43.1272685,"-77.6052065","violence_against_women"
"344","@kailanikm @bgittleson @draper_rob @juangon68 @plunderbund @realDonaldTrump @SenTedCruz Kasich's 40-month record.  https://t.co/R5d4hG5SKC","Sun Apr 17 18:48:58 +0000 2016","OhioNewsBureau",40.3651595,"-82.6694675","violence_against_women"
"345","The fact that Berners refuse to b moved by facts like the Vatican repeatedly disavowing any endorsement proves a sexist mvmnt #ImwithHer","Sun Apr 17 22:13:16 +0000 2016","kate_vaughn",26.03968,"-80.1783915","feminism"
"346","@RandPaul told MSNBC 'Ted Cruz is a racist  a bigot and a misogynist. He is an immoral and bombastic fascist.'","Mon Apr 18 18:39:57 +0000 2016","SenStripmine",40.785951,"-74.485163","men"
"347","@realDonaldTrump @SenTedCruz God forbid if your daughters are ever Raped  I want 2 see U look them in the eyes &amp; say they have the baby! PIG","Tue Apr 19 04:22:55 +0000 2016","SolarShieldPro",34.1682535,"-111.931711","violence_against_women"
"348","@Lauren_Southern @tedcruz now wants to be the first #transgendered #POTUS...","Tue Apr 19 06:03:11 +0000 2016","JohnnyReb1970",33.615763,"-117.257221","intersectionality"
"349","This @smrtgrls made HERSTORY &amp; voted for our next president of the United States @HillaryClinton in the #NYPrimary!  https://t.co/v4gCAxFef6","Tue Apr 19 13:45:40 +0000 2016","AnastasiaSomoza",40.780709,"-73.9685415","professional_gap"
"350","Universally scorned Cruz's repulsiveness crosses party  age  gender  and racial lines. https://t.co/6cY1e2zhv3","Tue Apr 19 16:17:24 +0000 2016","DaleMoss2",42.28657,"-87.8506395","intersectionality"
"351","I'm about to menstruate on your face @tedcruz","Wed Apr 20 01:39:26 +0000 2016","eskimeaux666",47.064528,"-122.923516","reproductive_rights"
"352","@NO_RapeFugees @rebeccajoc @tedcruz He would never get through confirmation.","Wed Apr 20 17:16:53 +0000 2016","Blooms5325",33.4846405,"-89.733757","violence_against_women"
"353","Lying bag of shit @tedcruz clearly doesn't value #womenshealth #stand4life  https://t.co/glwGeYeV7S","Wed Apr 20 18:48:18 +0000 2016","SergioToronto",43.629311,"-79.2725695","reproductive_rights"
"354","@1VoiceMatters @Ender316 @elizabethforma @tedcruz @GOP Read this from a child rape survivor- https://t.co/mbKRrzvxpp","Wed Apr 20 22:20:11 +0000 2016","SilverSummerSun",31.1688935,"-100.0768885","violence_against_women"
"355","@heidiscruz @tedcruz Typically diverse Cruz crowd. One Hispanic(the candidate) and no blacks.","Thu Apr 21 01:18:34 +0000 2016","MottdeWitt",29.838495,"-95.4464865","intersectionality"
"356","Hillary Clinton's Limited Feminism: Why Electing a Woman President Is Not Enough https://t.co/QVbWGM8s9K via @HuffPostWomen","Thu Apr 21 12:54:54 +0000 2016","peterkimnyc",40.780709,"-73.9685415","feminism"
"357","@tedcruz Thank you for calling out @realDonaldTrump stance on NC transgender stance!  Silence is deafening from @seanhannity","Thu Apr 21 20:46:55 +0000 2016","ToddTremag",41.5990055,"-72.8815725","intersectionality"
"358","@HuffingtonPost What does dopey Ted Cruz know about transgenders? They look like females &amp; are not interested in other women. He's an idiot.","Thu Apr 21 22:17:19 +0000 2016","chicfire45",34.7987245,"-82.208899","intersectionality"
"359","Every1 entitled2 Defense;RapeShieldLaws try2 Protect Victims;Howeva  it Tends to Show She committed to Hillary 1st https://t.co/24ngo0GeIJ","Thu Apr 21 22:22:41 +0000 2016","Chris_Kruger54",42.36878,"-87.883226","violence_against_women"
"360","@ProscrasPuma @tedcruz U need Kelly strength tampons to stop that blood flow from your mangina after how badly I've humiliated u","Thu Apr 21 22:51:28 +0000 2016","Lose_With_Cruz",43.9660005,"-75.9072265","reproductive_rights"
"361","@tedcruz you don't speak for most Houstonians about transgender rights!","Thu Apr 21 22:57:19 +0000 2016","pgarner64",29.838495,"-95.4464865","intersectionality"
"362","If this is the best Cruz has  he's all done.  Ted Cruz SLAMS Trump on Transgenders: HAVE WE GONE STARK RAVING NUTS? https://t.co/cALjBubSE8","Thu Apr 21 23:47:44 +0000 2016","aretheynuts",26.63648,"-81.986834","intersectionality"
"363","@tedcruz Cruz using daughters 2 attack transgenders will lead 2 same results  NY VALUES did. Trump gave a little on bathrooms 4 votes","Fri Apr 22 07:16:25 +0000 2016","NoMoreLibs99",42.308346,"0.3142995","intersectionality"
"364","@realDonaldTrump RETRACT AND RETHINK transgender bathroom law  Cruz right on this one.@IngrahamAngle  @AnnCoulter @TimSClark","Fri Apr 22 12:56:38 +0000 2016","9856sillslane",37.2691755,"-119.3066075","intersectionality"
"365","@tedcruz tweeted 'If all women carried loaded hand guns they wouldn't ever get raped except maybe by a man with a loaded hand gun.'","Fri Apr 22 13:32:38 +0000 2016","SenStripmine",40.785951,"-74.485163","violence_against_women"
"366","@CNNPolitics  @tedcruz do u even understand the term transgender?PretendingWell then ur pretending 2 care about we the people delegates only","Fri Apr 22 15:45:57 +0000 2016","DaiziWolf",40.2110595,"-77.0055005","intersectionality"
"367","What would Cruz do if his daughter came out and told him she was a transgender? Please answer Ted to the voters https://t.co/FVYPZzQTCa","Fri Apr 22 21:35:09 +0000 2016","3angelsandus",42.672327,"-82.9162175","intersectionality"
"368","What would Cruz do if his daughter came out and told him she was a transgender? Please answer Ted to the voters https://t.co/AzWGgh5HWC","Fri Apr 22 21:36:46 +0000 2016","3angelsandus",42.672327,"-82.9162175","intersectionality"
"369","What would Cruz do if his daughter came out and told him she was a transgender? Please answer Ted to the voters https://t.co/XHxHvx9q4S","Fri Apr 22 21:37:25 +0000 2016","3angelsandus",42.672327,"-82.9162175","intersectionality"
"370","What would Cruz do if his daughter came out and told him she was a transgender? Please answer Ted to the voters https://t.co/SZTOhZTXg6","Fri Apr 22 21:40:20 +0000 2016","3angelsandus",42.672327,"-82.9162175","intersectionality"
"371","@tedcruz tweeted 'Abortion is much worse than rape. It's a crime really. We can't allow 13 yr old girls to commit murder.'","Fri Apr 22 22:03:34 +0000 2016","SenStripmine",40.785951,"-74.485163","violence_against_women"
"372","Transgender Teenager Says He Was Kicked Out Of A Ted Cruz Rally http://huff. @HuffPostPol You Can NOT ONLY b Pres 2 the ppl u like","Fri Apr 22 22:57:46 +0000 2016","Kaygirl8Lawana",29.417501,"-98.5406515","intersectionality"
"373","Ted Cruz Capitalizes On Opportunity To Bash Transgender People https://t.co/ehLHTe8S4y via @thinkprogress","Fri Apr 22 23:51:06 +0000 2016","patnode123",41.3694035,"-73.393711","intersectionality"
"374","üëäWhere's Dirty #media If Trump... üî•Transgender teenager says he was kicked out of a Ted Cruz rally https://t.co/ITGSuXwQWF via @HuffPostPol","Sat Apr 23 00:42:21 +0000 2016","ElseMarilyn",45.00118,"-86.2705395","intersectionality"
"375","@petedako @RichardAngwin @BernieSanders Wait until the general. Dems will go all out against Drumpf &amp; expose the bigot  misogynist  griftter","Sat Apr 23 03:04:14 +0000 2016","JeanneFischer33",38.805335,"-121.2506635","men"
"376","Target Transgender Toilet Boycott just reached 300 000 signatures.  https://t.co/tA9SwZqSgi  #BoycottTarget #TedCruz #Trump","Sat Apr 23 13:16:32 +0000 2016","BlessedwBipolar",40.431389,"-79.9806895","intersectionality"
"377","Ted Cruz Faces Backlash After Transgender Teen Ejected From Rally https://t.co/gtnTM3VSqu","Sat Apr 23 14:41:17 +0000 2016","Christianlord12",30.3233455,"-97.754724","intersectionality"
"378",".@Minuteman_1756 @betsy_klein @tedcruz Transgender 'men' aren't men  ergo this is all a moot argument","Sat Apr 23 23:22:03 +0000 2016","StojBoj",33.7671945,"-84.433106","intersectionality"
"379","Ted Cruz reveals naked bigotry behind transgender bathroom debate https://t.co/yXjpvwPD3K","Sun Apr 24 00:58:41 +0000 2016","kaesmth",51.754286,"-1.2334335","intersectionality"
"380","Sen. Ted Cruz UNVEILS Trump's Inconsistency on Religious Freedom Issue - Cruz hits Trump for Transgender Flip-Flop| https://t.co/8DNB8eYAwg","Sun Apr 24 01:34:16 +0000 2016","Difference30360",32.6782075,"-83.1738665","intersectionality"
"381","@@NorCalCrush A sickth Ted Cruz Mistress has been described as an Indonesian transgender blow-up sex doll. #CruzSexScandal #TuckFed2016!!!!!","Sun Apr 24 11:44:33 +0000 2016","imsanchoclaus",40.65419,"-111.897226","intersectionality"
"382",".@JohnJHarwood Transgender people should use a bathroom at #TedCruz's home.","Sun Apr 24 13:49:49 +0000 2016","mldemmons",33.7671945,"-84.433106","intersectionality"
"383","#TedCruz says transgendered people should 'use a bathroom at home' I vote instead we rename all slang for excrements 'Ted Cruz'","Sun Apr 24 17:58:47 +0000 2016","Neddy_Westside",33.8028105,"-84.2864685","intersectionality"
"384","@realDonaldTrump   Cruz‚Äôs daughters seem to have more fear of their father than transgender bathrooms! https://t.co/ljvMpN3BWs","Sun Apr 24 19:12:39 +0000 2016","GretchenM38",27.698682,"-83.804475","intersectionality"
"385","'Ted Cruz compares transgender people to Donald Trump dressing like Hillary Clinton'.....yea pls run our country....","Sun Apr 24 23:05:40 +0000 2016","sagemistt",37.2691755,"-119.3066075","intersectionality"
"386","@RealWomenVoters @Never0u812 @tedcruz Facebook was full of complaints of that  too.","Mon Apr 25 02:02:49 +0000 2016","viciousmar",40.3651595,"-82.6694675","professional_gap"
"387","@DrWHinkley @BernieSanders I don't need educated by sexist children.  Hillary certainly isn't paying me.  Let me know where to sign up.","Mon Apr 25 16:24:36 +0000 2016","tinamdixon2012",35.9824705,"-83.9638415","feminism"
"388","@tedcruz trump was right all along your a lying little dweeb that can't even judge when they're being used like a bloody tampon soon pitched","Mon Apr 25 22:13:15 +0000 2016","grindy5410",39.3274645,"-84.2211045","reproductive_rights"
"389","#DEprimary voters choose between:  Populist Pied Piper #Progressive-Trump #Liberal Leaning-Kasich True #Conservative-@TedCruz   #PJNET #VOAV","Tue Apr 26 00:45:48 +0000 2016","GregJaye",40.3651595,"-82.6694675","professional_gap"
"390","#RIprimary voters choose between:  Populist Pied Piper #Progressive-Trump #Liberal Leaning-Kasich True #Conservative-@TedCruz   #PJNET #VOAV","Tue Apr 26 00:46:10 +0000 2016","GregJaye",40.3651595,"-82.6694675","professional_gap"
"391","Attorney Discipline Office  RACISM  OFFICIAL OPPRESSION WAS COMMITTED IN THE STATE OF NEW HAMPSHIRE","Tue Apr 26 01:58:31 +0000 2016","HolderRalph",42.9291665,"-71.050839","intersectionality"
"392","@seanhannity @JohnKasich @tedcruz it proves trumps point on corruption and it also shows how desperate they are cruz is used like a tampon","Tue Apr 26 03:22:28 +0000 2016","grindy5410",39.3274645,"-84.2211045","reproductive_rights"
"393","MT @CruzCrewGA: Evangelicals should #ChooseCruz! He's #ProLife  defends #Marriage &amp; #Israel. https://t.co/IGXvYYRLww #CruzCrew #PJNET","Tue Apr 26 04:47:48 +0000 2016","rob845",32.844933,"-97.1342085","reproductive_rights"
"394","@Morning_Joe @johntmoore1951Problem is  Trump's screaming more than HRCs but U tweeted about her. #doublestandard https://t.co/8IcVXvnwRP","Tue Apr 26 11:08:37 +0000 2016","elizabry",38.752715,"-76.9924405","feminism"
"395","@Prolifeldy @paulbaja @FranklinMan25 @TCuccio @tedcruz https://t.co/3Wvs5U2bhJ","Tue Apr 26 13:05:13 +0000 2016","Creamsickill",29.838495,"-95.4464865","reproductive_rights"
"396","Um  think we have a bigger crises in Flint MI than we do with transgender ppl in bathrooms. Get a grip @tedcruz  https://t.co/JaZhpMC0lI","Tue Apr 26 16:45:24 +0000 2016","Roxygirl1960",43.0567225,"-87.9672925","intersectionality"
"397","#HillaryClinton #PrimaryDay #PA idiots voted 4 this lying murderer?stupid #feminist good u got what u wanted-u just fucked urselves litrly","Wed Apr 27 03:42:26 +0000 2016","nbzpleez1",42.746617,"-75.770041","feminism"
"398","@FoxNews Funny every body questions Bernie staying in and yet not ted or Kasich? Hmmmm sexist maybe?","Wed Apr 27 12:42:19 +0000 2016","TrotterhorseW",41.6458055,"-87.643386","feminism"
"399","@SecularBloke @goprapebuster @AP Hillary is going 2 do everything in her power to help reduce number of guns when she is elected president.","Wed Apr 27 15:11:57 +0000 2016","CannonTerrie",32.6782075,"-83.1738665","violence_against_women"
"400","If @tedcruz thinks I'll play my #womancard on @CarlyFiorina he's more delusional than I thought. #bluenomatterwho","Wed Apr 27 18:21:02 +0000 2016","AndreaHarchar",41.3849235,"-81.7348115","feminism"
"401","@Virgini56094670 @JoyAnnReid @politico Crud/Failurina 2016  I guess Cruz is playing the #womancard Since when do losers get VPs? #ImWithHer","Wed Apr 27 18:30:16 +0000 2016","dnahealthnut",38.898603,"-77.0143985","feminism"
"402","Ted Cruz and Carly Fiorina .................... long pause ................. #bwahahahahahaha  #womancard","Wed Apr 27 18:59:40 +0000 2016","CletisStump",37.822244,"-85.7682405","feminism"
"403","'She doesn't get overly excited ' Ted Cruz  fighting sexism.","Wed Apr 27 20:32:09 +0000 2016","Pietro_pdx",45.536402,"-122.630908","feminism"
"404","... Hey @tedcruz - did @CarlyFiorina show you those #PlannedParenthood videos? Inquiring minds want to know. #Goodluckwiththat","Wed Apr 27 20:52:45 +0000 2016","andylefko",41.8335845,"-87.732013","reproductive_rights"
"405","I'd like to make 1 thing clear to Carly Fiorina  Ted Cruz's #womancard I heard you want your country back...well you helped fuck it up.","Wed Apr 27 21:25:32 +0000 2016","pureflatulence",40.3651595,"-82.6694675","feminism"
"406","@memeographs @CarlyFiorina @tedcruz  #PlannedParenthood: yes they R armed terrorists but they support the murderous criminal #HillaryClinton","Wed Apr 27 21:44:21 +0000 2016","Holding_Our_Own",39.446196,"-74.508969","reproductive_rights"
"407","@madmommadmom @CarlyFiorina @tedcruz Kind of ironic that this lie comes from supporter of #PlannedParenthood  who MURDERS FOR A LIVING!","Wed Apr 27 21:57:08 +0000 2016","Holding_Our_Own",39.446196,"-74.508969","reproductive_rights"
"408","News flash: @tedcruz is a sexist asshat.","Wed Apr 27 22:27:33 +0000 2016","mayoknave",47.064528,"-122.923516","feminism"
"409","Finally! A reason for me to get excited about Ted Cruz! #prolife  https://t.co/CH2MuH1VnU","Wed Apr 27 23:06:49 +0000 2016","BobbiJoR",41.9382285,"-93.389864","reproductive_rights"
"410","#TedCruz #CarlyFiorina #DeezNutsForPresident #Republicans #GOP @PPact @PPFA #PlannedParenthood https://t.co/quuShktYrY","Wed Apr 27 23:30:13 +0000 2016","ChloeMS",45.188407,"-68.984705","reproductive_rights"
"411","I'm a feminist. If Elizabeth Warren were running for President  I might be tempted away from Bernie. But Hillary? Never.","Thu Apr 28 02:21:13 +0000 2016","pauljimerson",36.964045,"-121.9883615","feminism"
"412","YUK! Just threw up a little in my mouth-same as I did that night Ted had thing on his lip &amp; ate it!Transgender Cruz. https://t.co/75eTebJDyd","Thu Apr 28 04:25:11 +0000 2016","schiff8888",35.1704985,"-79.861034","intersectionality"
"413","#lgbtrights : Divorce rates and abortions have increased substantially. What is traditional¬ø¬ø #GOPDebate #TedCruz #Trump @gaycivilrights üíÄüò±üíÄ","Thu Apr 28 15:31:02 +0000 2016","lauralucase8",50.741816,"-120.291526","reproductive_rights"
"414","@realDonaldTrump supported Mike Tyson after he was convicted of rape and try to keep him out of jail so he could keep making money.","Thu Apr 28 15:43:19 +0000 2016","Grumpy4x",37.288445,"-80.0671055","violence_against_women"
"415","@billmaher Ted Cruz supports Israel but not Palestine since his faith based on Hebrew law causes racism  Leviticus 25:44-45. Helene (W.E.N.)","Thu Apr 28 16:49:26 +0000 2016","macdonaldsward",32.6782075,"-83.1738665","intersectionality"
"416","My woman's card is exhausted by listening to @realDonaldTrump I want The little boys card he has. #womancard","Thu Apr 28 18:51:56 +0000 2016","AnnikaMortensen",37.4501275,"-122.2004875","feminism"
"417","#greta @johnboehner's remarks will only help @tedcruz. He hates Cruz because conservatives drove him out of the speakership. SOUR GRAPES!","Thu Apr 28 23:07:50 +0000 2016","Expat_Patriot",32.9644845,"-96.690937","violence_against_women"
"418","I just donated to @HillaryClinton to get my #womancard. Get yours! #ImWithHer #INPrimary https://t.co/MHuHk1AYkO","Thu Apr 28 23:45:43 +0000 2016","Africanfighter",32.75286,"-97.7817675","feminism"
"419","@JohnBohner @FoxBusiness @tedcruz @tedcruz JB for a Catholic you are a disgrace! You bring the pope hear &amp; never discuss Abortion  Lucifer!","Fri Apr 29 03:32:59 +0000 2016","TheFinancialDr",45.6512475,"-122.481626","reproductive_rights"
"420","@CarmenCruz303 @WSJ I said VOTE FOR A FEMINIST (one who protects women's rights). if you vote for Hillary though  that makes sense.","Fri Apr 29 04:50:59 +0000 2016","FrankieTease",34.0207895,"-118.4119065","feminism"
"421","Sounds like Mr Cruz realy needs to pee but is too transgenderfobic to do so. https://t.co/rdTlz8gvjn","Fri Apr 29 12:31:45 +0000 2016","marcelvphilips",52.6018125,"4.7113445","intersectionality"
"422","@marklevinshow further more Donald Trump denies rape of teenage girl at 'sex party with convicted paedophile Jeffrey Epstein'","Fri Apr 29 12:37:17 +0000 2016","americanftr",38.3045585,"-92.4367735","violence_against_women"
"423","@realDonaldTrump will abolish female suffrage when elected","Fri Apr 29 15:35:51 +0000 2016","RayHeard",43.629311,"-79.2725695","feminism"
"424","https://t.co/ZEPO18LmTP Ted Cruz's delegate counter Ken Cuccinelli says they're cleaning Trump's clock.","Sat Apr 30 02:43:10 +0000 2016","dominickambro",40.0048655,"-75.117998","professional_gap"
"425","@TPP_of_Suffolk Bill raped&amp;assaulted;Hillary then destroyd his victims politically.Monica went public 2save self frm oths' fate:'suicides'","Sat Apr 30 14:20:00 +0000 2016","TPP_of_Suffolk",40.779952,"-72.9134","violence_against_women"
"426","@RogerJStoneJr @CarlyFiorina @politico @realDonaldTrump misogynist praises yet another convicted felon crony. Join Tyson's #Rapists4Trump","Sat Apr 30 17:26:46 +0000 2016","DalyMJB",40.7055975,"-73.977717","men"
"427","@StevePh49215783 @LiveNewsyTweets @c5hardtop1999 @tedcruz If youre going to believe gossip do you believe Trump raped an underage girl?","Sat Apr 30 20:07:35 +0000 2016","Linkus717",42.1795335,"-72.4576525","violence_against_women"
"428","Donald Trump 1992: Tyson Told Me Victim In Rape Case ‚ÄúWanted It Real Bad‚Äù @andersoncooper @washingtonpost @latimes https://t.co/ynTFRLLDdL","Sat Apr 30 23:46:34 +0000 2016","Laxman35895072",39.713563,"-104.9220935","violence_against_women"
"429","Donald Trump In 1992: Tyson Told Me Victim In Rape Case ‚ÄúWanted It Real Bad‚Äù @chicagotribune @nytimes @nypost https://t.co/SjWFHQzvFY","Sat Apr 30 23:47:50 +0000 2016","Laxman35895072",39.713563,"-104.9220935","violence_against_women"
